{
	"credit": "Made with Blockbench by _GrandMagus_",
	"parent": "block/cube_bottom_top",
	"textures": {
		"top": "block/barrel_top_open",
		"side": "block/barrel_side",
		"bottom": "block/barrel_bottom"
	},
	"elements": [
		{
			"from": [ 0, 0, 0 ],
			"to": [ 16, 16, 16 ],
			"faces": {
				"north": { "uv": [ 0, 0, 16, 16 ], "texture": "#side", "cullface": "north" },
				"south": { "uv": [ 0, 0, 16, 16 ], "texture": "#side", "cullface": "south" },
				"west": { "uv": [ 0, 0, 16, 16 ], "texture": "#side", "cullface": "west" },
				"east": { "uv": [ 0, 0, 16, 16 ], "texture": "#side", "cullface": "east" }
			}
		},
		{
			"from": [ 15, 16, 0 ],
			"to": [ 16, 16.001, 15 ],
			"faces": {
				"up": { "uv": [ 15, 0, 16, 15 ], "texture": "#top", "cullface": "up" }
			}
		},
		{
			"from": [ 0, 16, 0 ],
			"to": [ 15, 16.001, 1 ],
			"faces": {
				"up": { "uv": [ 0, 0, 15, 1 ], "texture": "#top", "cullface": "up" }
			}
		},
		{
			"from": [ 15, 0, 0 ],
			"to": [ 16, 0.001, 15 ],
			"faces": {
				"down": { "uv": [ 15, 1, 16, 16 ], "texture": "#top", "cullface": "down" }
			}
		},
		{
			"from": [ 0, 16, 1 ],
			"to": [ 1, 16.001, 16 ],
			"faces": {
				"up": { "uv": [ 0, 1, 1, 16 ], "texture": "#top", "cullface": "up" }
			}
		},
		{
			"from": [ 1, 0, 1 ],
			"to": [ 1.001, 1, 15 ],
			"faces": {
				"east": { "uv": [ 1, 0, 15, 1 ], "texture": "#top", "cullface": "down" }
			}
		},
		{
			"from": [ 1, 15, 1 ],
			"to": [ 1.001, 16, 15 ],
			"faces": {
				"east": { "uv": [ 1, 0, 15, 1 ], "texture": "#top", "cullface": "up" }
			}
		},
		{
			"from": [ 15, 15, 1 ],
			"to": [ 15.001, 16, 15 ],
			"faces": {
				"west": { "uv": [ 1, 0, 15, 1 ], "texture": "#top", "cullface": "up" }
			}
		},
		{
			"from": [ 1, 15, 0.999 ],
			"to": [ 15, 16, 0.9999998 ],
			"faces": {
				"south": { "uv": [ 1, 0, 15, 1 ], "texture": "#top", "cullface": "up" }
			}
		},
		{
			"from": [ 1, 1, 1 ],
			"to": [ 15, 1.001, 15 ],
			"faces": {
				"down": { "uv": [ 1, 1, 15, 15 ], "texture": "#bottom", "cullface": "down" }
			}
		},
		{
			"from": [ 1, 16, 15 ],
			"to": [ 16, 16.001, 16 ],
			"faces": {
				"up": { "uv": [ 1, 15, 16, 16 ], "texture": "#top", "cullface": "up" }
			}
		},
		{
			"from": [ 1, 0, 15 ],
			"to": [ 16, 0.001, 16 ],
			"faces": {
				"down": { "uv": [ 1, 0, 16, 1 ], "texture": "#top", "cullface": "down" }
			}
		},
		{
			"from": [ 0, 0, 0 ],
			"to": [ 15, 0.001, 1 ],
			"faces": {
				"down": { "uv": [ 0, 15, 15, 16 ], "texture": "#top", "cullface": "down" }
			}
		},
		{
			"from": [ 0, 0, 1 ],
			"to": [ 1, 0.001, 16 ],
			"faces": {
				"down": { "uv": [ 0, 0, 1, 15 ], "texture": "#top", "cullface": "down" }
			}
		},
		{
			"from": [ 1, 15, 14.999 ],
			"to": [ 15, 16, 15 ],
			"faces": {
				"north": { "uv": [ 1, 0, 15, 1 ], "texture": "#top", "cullface": "up" }
			}
		},
		{
			"from": [ 1, 0, 14.999 ],
			"to": [ 15, 1, 15 ],
			"faces": {
				"north": { "uv": [ 1, 0, 15, 1 ], "texture": "#top", "cullface": "down" }
			}
		},
		{
			"from": [ 1, 0, 0.999 ],
			"to": [ 15, 1, 0.9999998 ],
			"faces": {
				"south": { "uv": [ 1, 0, 15, 1 ], "texture": "#top", "cullface": "down" }
			}
		},
		{
			"from": [ 15, 0, 1 ],
			"to": [ 15.001, 1, 15 ],
			"faces": {
				"west": { "uv": [ 1, 0, 15, 1 ], "texture": "#top", "cullface": "down" }
			}
		},
		{
			"from": [ 1, 15, 1 ],
			"to": [ 15, 15.001, 15 ],
			"faces": {
				"up": { "uv": [ 1, 1, 15, 15 ], "texture": "#top", "cullface": "up" }
			}
		}
	]
}