{
	"credit": "Made with Blockbench by _GrandMagus_",
	"parent": "block/orientable_with_bottom",
	"textures": {
		"particle": "block/bee_nest_side",
		"bottom": "block/bee_nest_bottom",
		"top": "block/bee_nest_top",
		"front": "block/bee_nest_front",
		"side": "block/bee_nest_side",
		"honey": "block/bee_nest_front_5"
	},
	"elements": [
		{
			"from": [ 3, -2, 3 ],
			"to": [ 13, 0, 13 ],
			"faces": {
				"down": { "uv": [ 3, 3, 13, 13 ], "texture": "#bottom", "cullface": "down" },
				"north": { "uv": [ 3, 14, 13, 16 ], "texture": "#bottom", "cullface": "down" },
				"south": { "uv": [ 3, 14, 13, 16 ], "texture": "#bottom", "cullface": "down" },
				"west": { "uv": [ 3, 14, 13, 16 ], "texture": "#bottom", "cullface": "down" },
				"east": { "uv": [ 3, 14, 13, 16 ], "texture": "#bottom", "cullface": "down" }
			}
		},
		{
			"from": [ 0, 1, 0 ],
			"to": [ 11, 4, 0.001 ],
			"faces": {
				"north": { "uv": [ 5, 12, 16, 15 ], "texture": "#front", "cullface": "north" }
			}
		},
		{
			"from": [ 0, 0, 0 ],
			"to": [ 16, 1, 0.001 ],
			"faces": {
				"north": { "uv": [ 0, 15, 16, 16 ], "texture": "#honey", "cullface": "north" }
			}
		},
		{
			"from": [ 0, 4, 0 ],
			"to": [ 16, 9, 0.001 ],
			"faces": {
				"north": { "uv": [ 0, 7, 16, 12 ], "texture": "#honey", "cullface": "north" }
			}
		},
		{
			"from": [ 0, 12, 0 ],
			"to": [ 16, 16, 0.001 ],
			"faces": {
				"north": { "uv": [ 0, 0, 16, 4 ], "texture": "#front", "cullface": "north" }
			}
		},
		{
			"from": [ 0, 9, 0 ],
			"to": [ 2, 12, 0.001 ],
			"faces": {
				"north": { "uv": [ 14, 4, 16, 7 ], "texture": "#front", "cullface": "north" }
			}
		},
		{
			"from": [ 5, 9, 0 ],
			"to": [ 16, 12, 0.001 ],
			"faces": {
				"north": { "uv": [ 0, 4, 11, 7 ], "texture": "#front", "cullface": "north" }
			}
		},
		{
			"from": [ 2, 9, 3 ],
			"to": [ 5, 12, 3.001 ],
			"faces": {
				"north": { "uv": [ 2, 12, 5, 13 ], "texture": "#front", "cullface": "north" }
			}
		},
		{
			"from": [ 2, 12, 0 ],
			"to": [ 5, 12.001, 3 ],
			"faces": {
				"down": { "uv": [ 11, 4, 14, 7 ], "texture": "#honey", "cullface": "north" }
			}
		},
		{
			"from": [ 2, 9, 0 ],
			"to": [ 5, 9.001, 3 ],
			"faces": {
				"up": { "uv": [ 11, 7, 14, 4 ], "texture": "#honey", "cullface": "north" }
			}
		},
		{
			"from": [ 14, 1, 0 ],
			"to": [ 16, 4, 0.001 ],
			"faces": {
				"north": { "uv": [ 0, 12, 2, 15 ], "texture": "#front", "cullface": "north" }
			}
		},
		{
			"from": [ 5, 9, 0 ],
			"to": [ 5.001, 12, 3 ],
			"faces": {
				"west": { "uv": [ 11, 4, 14, 7 ], "texture": "#honey", "cullface": "north", "rotation": 90 }
			}
		},
		{
			"from": [ 2, 9, 0 ],
			"to": [ 2.001, 12, 3 ],
			"faces": {
				"east": { "uv": [ 11, 4, 14, 7 ], "texture": "#honey", "cullface": "north", "rotation": 270 }
			}
		},
		{
			"from": [ 11, 1, 3 ],
			"to": [ 14, 4, 3.001 ],
			"faces": {
				"north": { "uv": [ 2, 12, 5, 13 ], "texture": "#front", "cullface": "north" }
			}
		},
		{
			"from": [ 11, 4, 0 ],
			"to": [ 14, 4.001, 3 ],
			"faces": {
				"down": { "uv": [ 2, 12, 5, 15 ], "texture": "#honey", "cullface": "north" }
			}
		},
		{
			"from": [ 11, 1, 0 ],
			"to": [ 14, 1.001, 3 ],
			"faces": {
				"up": { "uv": [ 2, 15, 5, 12 ], "texture": "#honey", "cullface": "north" }
			}
		},
		{
			"from": [ 11, 1, 0 ],
			"to": [ 11.001, 4, 3 ],
			"faces": {
				"east": { "uv": [ 2, 12, 5, 15 ], "texture": "#honey", "cullface": "north", "rotation": 270 }
			}
		},
		{
			"from": [ 14, 1, 0 ],
			"to": [ 14.001, 4, 3 ],
			"faces": {
				"west": { "uv": [ 2, 12, 5, 15 ], "texture": "#honey", "cullface": "north", "rotation": 90 }
			}
		},
		{
			"from": [ 0, 0, 0 ],
			"to": [ 16, 16, 16 ],
			"faces": {
				"down": { "uv": [ 0, 0, 16, 16 ], "texture": "#bottom", "cullface": "down" },
				"up": { "uv": [ 0, 0, 16, 16 ], "texture": "#top", "cullface": "up" },
				"south": { "uv": [ 0, 0, 16, 16 ], "texture": "#side", "cullface": "south" },
				"west": { "uv": [ 0, 0, 16, 16 ], "texture": "#side", "cullface": "west" },
				"east": { "uv": [ 0, 0, 16, 16 ], "texture": "#side", "cullface": "east" }
			}
		},
		{
			"from": [ 3, 16, 3 ],
			"to": [ 13, 18, 13 ],
			"faces": {
				"up": { "uv": [ 3, 3, 13, 13 ], "texture": "#top", "cullface": "up" },
				"north": { "uv": [ 3, 0, 13, 2 ], "texture": "#top", "cullface": "up" },
				"south": { "uv": [ 3, 0, 13, 2 ], "texture": "#top", "cullface": "up" },
				"west": { "uv": [ 3, 0, 13, 2 ], "texture": "#top", "cullface": "up" },
				"east": { "uv": [ 3, 0, 13, 2 ], "texture": "#top", "cullface": "up" }
			}
		}
	]
}