{
	"credit": "Made with Blockbench by _GrandMagus_",
	"parent": "block/orientable_with_bottom",
	"textures": {
		"particle": "block/bee_nest_side",
		"bottom": "block/bee_nest_bottom",
		"top": "block/bee_nest_top",
		"front": "block/bee_nest_front_honey",
		"side": "block/bee_nest_side"
	},
	"elements": [
		{
			"from": [ 3, -2, 3 ],
			"to": [ 13, 0, 13 ],
			"faces": {
				"down": { "uv": [ 3, 3, 13, 13 ], "texture": "#bottom", "cullface": "down" },
				"north": { "uv": [ 3, 14, 13, 16 ], "texture": "#bottom", "cullface": "down" },
				"south": { "uv": [ 3, 14, 13, 16 ], "texture": "#bottom", "cullface": "down" },
				"west": { "uv": [ 3, 14, 13, 16 ], "texture": "#bottom", "cullface": "down" },
				"east": { "uv": [ 3, 14, 13, 16 ], "texture": "#bottom", "cullface": "down" }
			}
		},
		{
			"from": [ 0, 2, 0 ],
			"to": [ 11, 4, 0.001 ],
			"faces": {
				"north": { "uv": [ 5, 12, 16, 14 ], "texture": "#front", "cullface": "north" }
			}
		},
		{
			"from": [ 0, 0, 0 ],
			"to": [ 16, 2, 0.001 ],
			"faces": {
				"north": { "uv": [ 0, 14, 16, 16 ], "texture": "#front", "cullface": "north" }
			}
		},
		{
			"from": [ 0, 4, 0 ],
			"to": [ 16, 10, 0.001 ],
			"faces": {
				"north": { "uv": [ 0, 6, 16, 12 ], "texture": "#front", "cullface": "north" }
			}
		},
		{
			"from": [ 0, 12, 0 ],
			"to": [ 16, 16, 0.001 ],
			"faces": {
				"north": { "uv": [ 0, 0, 16, 4 ], "texture": "#front", "cullface": "north" }
			}
		},
		{
			"from": [ 0, 10, 0 ],
			"to": [ 2, 12, 0.001 ],
			"faces": {
				"north": { "uv": [ 14, 4, 16, 6 ], "texture": "#front", "cullface": "north" }
			}
		},
		{
			"from": [ 5, 10, 0 ],
			"to": [ 16, 12, 0.001 ],
			"faces": {
				"north": { "uv": [ 0, 4, 11, 6 ], "texture": "#front", "cullface": "north" }
			}
		},
		{
			"from": [ 2, 10, 1 ],
			"to": [ 5, 12, 1.001 ],
			"faces": {
				"north": { "uv": [ 11, 4, 14, 6 ], "texture": "#front", "cullface": "north" }
			}
		},
		{
			"from": [ 2, 12, 0 ],
			"to": [ 5, 12.001, 3 ],
			"faces": {
				"down": { "uv": [ 2, 12, 5, 15 ], "texture": "#front", "cullface": "north" }
			}
		},
		{
			"from": [ 2, 10, 0 ],
			"to": [ 5, 10.001, 1 ],
			"faces": {
				"up": { "uv": [ 11, 7, 14, 6 ], "texture": "#front", "cullface": "north" }
			}
		},
		{
			"from": [ 14, 2, 0 ],
			"to": [ 16, 4, 0.001 ],
			"faces": {
				"north": { "uv": [ 0, 12, 2, 14 ], "texture": "#front", "cullface": "north" }
			}
		},
		{
			"from": [ 5, 9, 0 ],
			"to": [ 5.001, 12, 1 ],
			"faces": {
				"west": { "uv": [ 11, 4, 12, 7 ], "texture": "#front", "cullface": "north" }
			}
		},
		{
			"from": [ 2, 9, 0 ],
			"to": [ 2.001, 12, 1 ],
			"faces": {
				"east": { "uv": [ 13, 4, 14, 7 ], "texture": "#front", "cullface": "north" }
			}
		},
		{
			"from": [ 11, 2, 1 ],
			"to": [ 14, 4, 1.001 ],
			"faces": {
				"north": { "uv": [ 2, 12, 5, 14 ], "texture": "#front", "cullface": "north" }
			}
		},
		{
			"from": [ 11, 4, 0 ],
			"to": [ 14, 4.001, 3 ],
			"faces": {
				"down": { "uv": [ 2, 12, 5, 15 ], "texture": "#front", "cullface": "north" }
			}
		},
		{
			"from": [ 11, 2, 0 ],
			"to": [ 14, 2.001, 1 ],
			"faces": {
				"up": { "uv": [ 5, 15, 2, 14 ], "texture": "#front", "cullface": "north" }
			}
		},
		{
			"from": [ 11, 1, 0 ],
			"to": [ 11.001, 4, 1 ],
			"faces": {
				"east": { "uv": [ 4, 12, 5, 15 ], "texture": "#front", "cullface": "north" }
			}
		},
		{
			"from": [ 14, 1, 0 ],
			"to": [ 14.001, 4, 1 ],
			"faces": {
				"west": { "uv": [ 2, 12, 3, 15 ], "texture": "#front", "cullface": "north" }
			}
		},
		{
			"from": [ 0, 0, 0 ],
			"to": [ 16, 16, 16 ],
			"faces": {
				"down": { "uv": [ 0, 0, 16, 16 ], "texture": "#bottom", "cullface": "down" },
				"up": { "uv": [ 0, 0, 16, 16 ], "texture": "#top", "cullface": "up" },
				"south": { "uv": [ 0, 0, 16, 16 ], "texture": "#side", "cullface": "south" },
				"west": { "uv": [ 0, 0, 16, 16 ], "texture": "#side", "cullface": "west" },
				"east": { "uv": [ 0, 0, 16, 16 ], "texture": "#side", "cullface": "east" }
			}
		},
		{
			"from": [ 3, 16, 3 ],
			"to": [ 13, 18, 13 ],
			"faces": {
				"up": { "uv": [ 3, 3, 13, 13 ], "texture": "#top", "cullface": "up" },
				"north": { "uv": [ 3, 0, 13, 2 ], "texture": "#top", "cullface": "up" },
				"south": { "uv": [ 3, 0, 13, 2 ], "texture": "#top", "cullface": "up" },
				"west": { "uv": [ 3, 0, 13, 2 ], "texture": "#top", "cullface": "up" },
				"east": { "uv": [ 3, 0, 13, 2 ], "texture": "#top", "cullface": "up" }
			}
		}
	]
}