{
	"credit": "Made with Blockbench",
	"parent": "block/block",
	"textures": {
		"bookshelf": "block/bookshelf",
		"particle": "block/bookshelf_top",
		"wood": "block/bookshelf_top",
		"bookshelf_3": "block/bookshelf_3"
	},
	"elements": [
		{
			"name": "NorthEast2",
			"from": [1.00138, 1, 0.99433],
			"to": [2.00138, 15, 1.99433],
			"rotation": {"angle": 0, "axis": "y", "origin": [7.99786, 7.41449, 7.99648]},
			"faces": {
				"north": {"uv": [14, 1, 15, 15], "texture": "#bookshelf_3", "cullface": "north"},
				"east": {"uv": [14, 1, 15, 15], "texture": "#bookshelf", "cullface": "north"},
				"south": {"uv": [1, 1, 2, 15], "texture": "#bookshelf", "cullface": "west"},
				"west": {"uv": [1, 1, 2, 15], "texture": "#bookshelf", "cullface": "west"}
			}
		},
		{
			"name": "SouthWest",
			"from": [15.00138, 0, 14.99433],
			"to": [16.00138, 16, 15.99433],
			"rotation": {"angle": 0, "axis": "y", "origin": [7.99786, 7.41449, 7.99648]},
			"faces": {
				"north": {"uv": [0, 0, 1, 16], "texture": "#bookshelf", "cullface": "east"},
				"east": {"uv": [0, 0, 1, 16], "texture": "#bookshelf", "cullface": "east"},
				"south": {"uv": [15, 0, 16, 16], "texture": "#bookshelf", "cullface": "south"},
				"west": {"uv": [15, 0, 16, 16], "texture": "#bookshelf", "cullface": "south"},
				"up": {"uv": [15, 15, 16, 16], "texture": "#wood", "cullface": "up"},
				"down": {"uv": [0, 15, 1, 16], "rotation": 180, "texture": "#wood", "cullface": "down"}
			}
		},
		{
			"name": "SouthEast",
			"from": [15.00138, 0, -0.00567],
			"to": [16.00138, 16, 0.99433],
			"rotation": {"angle": 0, "axis": "y", "origin": [7.99786, 7.41449, 7.99648]},
			"faces": {
				"north": {"uv": [0, 0, 1, 16], "texture": "#bookshelf", "cullface": "north"},
				"east": {"uv": [15, 0, 16, 16], "texture": "#bookshelf", "cullface": "east"},
				"south": {"uv": [15, 0, 16, 16], "texture": "#bookshelf", "cullface": "east"},
				"west": {"uv": [0, 0, 1, 16], "texture": "#bookshelf", "cullface": "north"},
				"up": {"uv": [15, 0, 16, 1], "texture": "#wood", "cullface": "up"},
				"down": {"uv": [0, 0, 1, 1], "rotation": 180, "texture": "#wood", "cullface": "down"}
			}
		},
		{
			"name": "Center",
			"from": [2.00138, 0, 1.99433],
			"to": [14.00138, 16, 13.99433],
			"rotation": {"angle": 0, "axis": "y", "origin": [7.99786, 7.41449, 7.99648]},
			"faces": {
				"north": {"uv": [2, 0, 14, 16], "texture": "#bookshelf_3", "cullface": "north"},
				"east": {"uv": [2, 0, 14, 16], "texture": "#bookshelf", "cullface": "east"},
				"south": {"uv": [2, 0, 14, 16], "texture": "#bookshelf_3", "cullface": "south"},
				"west": {"uv": [2, 0, 14, 16], "texture": "#bookshelf", "cullface": "west"},
				"up": {"uv": [2, 2, 14, 14], "texture": "#wood", "cullface": "up"},
				"down": {"uv": [2, 2, 14, 14], "rotation": 180, "texture": "#wood", "cullface": "down"}
			}
		},
		{
			"name": "NorthWest",
			"from": [0.00138, 0, 14.99433],
			"to": [1.00138, 16, 15.99433],
			"rotation": {"angle": 0, "axis": "y", "origin": [7.99786, 7.41449, 7.99648]},
			"faces": {
				"north": {"uv": [15, 0, 16, 16], "texture": "#bookshelf", "cullface": "west"},
				"east": {"uv": [0, 0, 1, 16], "texture": "#bookshelf", "cullface": "south"},
				"south": {"uv": [0, 0, 1, 16], "texture": "#bookshelf", "cullface": "south"},
				"west": {"uv": [15, 0, 16, 16], "texture": "#bookshelf", "cullface": "west"},
				"up": {"uv": [0, 15, 1, 16], "texture": "#wood", "cullface": "up"},
				"down": {"uv": [15, 15, 16, 16], "rotation": 180, "texture": "#wood", "cullface": "down"}
			}
		},
		{
			"name": "NorthWest2",
			"from": [1.00138, 1, 13.99433],
			"to": [2.00138, 15, 14.99433],
			"rotation": {"angle": 0, "axis": "y", "origin": [7.99786, 7.41449, 7.99648]},
			"faces": {
				"north": {"uv": [14, 1, 15, 15], "texture": "#bookshelf", "cullface": "west"},
				"east": {"uv": [1, 1, 2, 15], "texture": "#bookshelf", "cullface": "south"},
				"south": {"uv": [1, 1, 2, 15], "texture": "#bookshelf", "cullface": "south"},
				"west": {"uv": [14, 1, 15, 15], "texture": "#bookshelf", "cullface": "west"}
			}
		},
		{
			"name": "SouthWest2",
			"from": [14.00138, 1, 13.99433],
			"to": [15.00138, 15, 14.99433],
			"rotation": {"angle": 0, "axis": "y", "origin": [7.99786, 7.41449, 7.99648]},
			"faces": {
				"north": {"uv": [1, 1, 2, 15], "texture": "#bookshelf", "cullface": "east"},
				"east": {"uv": [1, 1, 2, 15], "texture": "#bookshelf", "cullface": "east"},
				"south": {"uv": [14, 1, 15, 15], "texture": "#bookshelf_3", "cullface": "south"},
				"west": {"uv": [14, 1, 15, 15], "texture": "#bookshelf", "cullface": "south"}
			}
		},
		{
			"name": "SouthEast2",
			"from": [14.00138, 1, 0.99433],
			"to": [15.00138, 15, 1.99433],
			"rotation": {"angle": 0, "axis": "y", "origin": [7.99786, 7.41449, 7.99648]},
			"faces": {
				"north": {"uv": [1, 1, 2, 15], "texture": "#bookshelf", "cullface": "north"},
				"east": {"uv": [14, 1, 15, 15], "texture": "#bookshelf", "cullface": "east"},
				"south": {"uv": [14, 1, 15, 15], "texture": "#bookshelf", "cullface": "east"},
				"west": {"uv": [1, 1, 2, 15], "texture": "#bookshelf", "cullface": "north"}
			}
		},
		{
			"name": "RedBookWest",
			"from": [11.00138, 9, 13.99433],
			"to": [12.00138, 13, 15.49433],
			"rotation": {"angle": 0, "axis": "y", "origin": [7.99786, 7.41449, 7.99648]},
			"faces": {
				"east": {"uv": [11, 3, 12, 7], "texture": "#bookshelf", "cullface": "south"},
				"south": {"uv": [11, 3, 12, 7], "texture": "#bookshelf", "cullface": "south"},
				"west": {"uv": [11, 3, 12, 7], "texture": "#bookshelf", "cullface": "south"},
				"up": {"uv": [11, 3, 12, 4], "rotation": 270, "texture": "#bookshelf", "cullface": "south"}
			}
		},
		{
			"name": "RedBook3East",
			"from": [13.00138, 1, 0.99433],
			"to": [14.00138, 6, 1.99433],
			"rotation": {"angle": 0, "axis": "y", "origin": [7.99786, 7.41449, 7.99648]},
			"faces": {
				"north": {"uv": [2, 10, 3, 15], "texture": "#bookshelf", "cullface": "north"},
				"west": {"uv": [2, 10, 3, 15], "texture": "#bookshelf", "cullface": "north"},
				"up": {"uv": [2, 10, 3, 11], "rotation": 180, "texture": "#bookshelf", "cullface": "north"}
			}
		},
		{
			"name": "YellowBookWest",
			"from": [9.00138, 9, 13.99433],
			"to": [11.00138, 14, 14.99433],
			"rotation": {"angle": 0, "axis": "y", "origin": [7.99786, 7.41449, 7.99648]},
			"faces": {
				"east": {"uv": [10, 2, 11, 7], "texture": "#bookshelf", "cullface": "south"},
				"south": {"uv": [9, 2, 11, 7], "texture": "#bookshelf", "cullface": "south"},
				"west": {"uv": [9, 2, 10, 7], "texture": "#bookshelf", "cullface": "south"},
				"up": {"uv": [9, 2, 11, 3], "texture": "#bookshelf", "cullface": "south"}
			}
		},
		{
			"name": "BlueBook4East",
			"from": [2.00138, 1, 0.99433],
			"to": [3.00138, 6, 1.99433],
			"rotation": {"angle": 0, "axis": "y", "origin": [7.99786, 7.41449, 7.99648]},
			"faces": {
				"north": {"uv": [13, 10, 14, 15], "texture": "#bookshelf_3", "cullface": "north"},
				"east": {"uv": [13, 10, 14, 15], "texture": "#bookshelf_3", "cullface": "north"},
				"up": {"uv": [13, 10, 14, 11], "rotation": 90, "texture": "#bookshelf_3", "cullface": "north"}
			}
		},
		{
			"name": "RedBook2East",
			"from": [4.00138, 9, 0.49433],
			"to": [5.00138, 13, 1.99433],
			"rotation": {"angle": 0, "axis": "y", "origin": [7.99786, 7.41449, 7.99648]},
			"faces": {
				"north": {"uv": [11, 3, 12, 7], "texture": "#bookshelf", "cullface": "north"},
				"east": {"uv": [11, 3, 12, 7], "texture": "#bookshelf", "cullface": "north"},
				"west": {"uv": [11, 3, 12, 7], "texture": "#bookshelf", "cullface": "north"},
				"up": {"uv": [11, 3, 12, 4], "rotation": 90, "texture": "#bookshelf", "cullface": "north"}
			}
		},
		{
			"name": "YellowBookEast",
			"from": [7.00138, 9, 13.99433],
			"to": [9.00138, 15, 15.99433],
			"rotation": {"angle": 0, "axis": "y", "origin": [7.99786, 7.41449, 7.99648]},
			"faces": {
				"east": {"uv": [7, 1, 8, 7], "texture": "#bookshelf_3", "cullface": "south"},
				"south": {"uv": [7, 1, 9, 7], "texture": "#bookshelf_3", "cullface": "south"},
				"west": {"uv": [8, 1, 9, 7], "texture": "#bookshelf_3", "cullface": "south"}
			}
		},
		{
			"name": "BrownBookEast",
			"from": [12.00138, 9, -0.00567],
			"to": [14.00138, 14, 1.99433],
			"rotation": {"angle": 0, "axis": "y", "origin": [7.99786, 7.41449, 7.99648]},
			"faces": {
				"north": {"uv": [2, 3, 4, 7], "texture": "#bookshelf_3", "cullface": "north"},
				"east": {"uv": [2, 3, 3, 7], "texture": "#bookshelf_3", "cullface": "north"},
				"west": {"uv": [3, 3, 4, 7], "texture": "#bookshelf_3", "cullface": "north"},
				"up": {"uv": [2, 2, 4, 3], "rotation": 180, "texture": "#bookshelf_3", "cullface": "north"}
			}
		},
		{
			"name": "GreenBook2East",
			"from": [12.00138, 1, 13.99433],
			"to": [13.00138, 5, 15.99433],
			"rotation": {"angle": 0, "axis": "y", "origin": [7.99786, 7.41449, 7.99648]},
			"faces": {
				"east": {"uv": [12, 11, 13, 15], "texture": "#bookshelf_3", "cullface": "south"},
				"south": {"uv": [12, 11, 13, 15], "texture": "#bookshelf_3", "cullface": "south"},
				"west": {"uv": [12, 11, 13, 15], "texture": "#bookshelf_3", "cullface": "south"},
				"up": {"uv": [12, 11, 13, 12], "rotation": 180, "texture": "#bookshelf_3", "cullface": "south"}
			}
		},
		{
			"name": "YellowBookNorth",
			"from": [1.00138, 9, 8.99433],
			"to": [2.00138, 14, 10.99433],
			"rotation": {"angle": 0, "axis": "y", "origin": [7.99786, 7.41449, 7.99648]},
			"faces": {
				"north": {"uv": [9, 2, 10, 7], "texture": "#bookshelf", "cullface": "west"},
				"south": {"uv": [10, 2, 11, 7], "texture": "#bookshelf", "cullface": "west"},
				"west": {"uv": [9, 2, 11, 7], "texture": "#bookshelf", "cullface": "west"},
				"up": {"uv": [9, 2, 11, 3], "rotation": 90, "texture": "#bookshelf", "cullface": "west"}
			}
		},
		{
			"name": "RedBook2North",
			"from": [14.00138, 1.00104, 5.9891],
			"to": [15.50138, 6.00104, 6.9891],
			"rotation": {"angle": 22.5, "axis": "x", "origin": [14.75138, 3.50104, 6.4891]},
			"faces": {
				"north": {"uv": [5, 2, 6, 7], "texture": "#bookshelf", "cullface": "east"},
				"east": {"uv": [4, 2, 5, 7], "texture": "#bookshelf", "cullface": "east"},
				"south": {"uv": [5, 2, 6, 7], "texture": "#bookshelf", "cullface": "east"},
				"up": {"uv": [4, 2, 5, 3], "texture": "#bookshelf", "cullface": "east"},
				"down": {"uv": [5, 6, 6, 7], "rotation": 90, "texture": "#bookshelf", "cullface": "east"}
			}
		},
		{
			"name": "BlueBook2East",
			"from": [2.00138, 9, 0.99433],
			"to": [4.00138, 15, 1.99433],
			"rotation": {"angle": 0, "axis": "y", "origin": [7.99786, 7.41449, 7.99648]},
			"faces": {
				"north": {"uv": [12, 1, 14, 7], "texture": "#bookshelf", "cullface": "north"},
				"east": {"uv": [12, 1, 13, 7], "texture": "#bookshelf", "cullface": "north"}
			}
		},
		{
			"name": "BlueBook2North",
			"from": [1.00138, 9, 11.99433],
			"to": [2.00138, 15, 13.99433],
			"rotation": {"angle": 0, "axis": "y", "origin": [7.99786, 7.41449, 7.99648]},
			"faces": {
				"north": {"uv": [12, 1, 13, 7], "texture": "#bookshelf", "cullface": "west"},
				"west": {"uv": [12, 1, 14, 7], "texture": "#bookshelf", "cullface": "west"}
			}
		},
		{
			"name": "BlueBook1North",
			"from": [1.00138, 9, 5.99433],
			"to": [2.00138, 12, 6.99433],
			"rotation": {"angle": 0, "axis": "y", "origin": [7.99786, 7.41449, 7.99648]},
			"faces": {
				"south": {"uv": [6, 4, 7, 7], "texture": "#bookshelf", "cullface": "west"},
				"west": {"uv": [6, 4, 7, 7], "texture": "#bookshelf", "cullface": "west"},
				"up": {"uv": [6, 4, 7, 5], "texture": "#bookshelf", "cullface": "west"}
			}
		},
		{
			"name": "RedBook1North",
			"from": [0.50138, 9, 3.99433],
			"to": [2.00138, 14, 5.99433],
			"rotation": {"angle": 0, "axis": "y", "origin": [7.99786, 7.41449, 7.99648]},
			"faces": {
				"north": {"uv": [4, 2, 5, 7], "texture": "#bookshelf", "cullface": "west"},
				"south": {"uv": [5, 2, 6, 7], "texture": "#bookshelf", "cullface": "west"},
				"west": {"uv": [4, 2, 6, 7], "texture": "#bookshelf", "cullface": "west"},
				"up": {"uv": [4, 2, 6, 3], "rotation": 90, "texture": "#bookshelf", "cullface": "west"}
			}
		},
		{
			"name": "BrownBookNorth",
			"from": [0.00138, 9, 1.99433],
			"to": [2.00138, 13, 3.99433],
			"rotation": {"angle": 0, "axis": "y", "origin": [7.99786, 7.41449, 7.99648]},
			"faces": {
				"north": {"uv": [2, 3, 3, 7], "texture": "#bookshelf", "cullface": "west"},
				"south": {"uv": [3, 3, 4, 7], "texture": "#bookshelf", "cullface": "west"},
				"west": {"uv": [2, 3, 4, 7], "texture": "#bookshelf", "cullface": "west"},
				"up": {"uv": [2, 3, 4, 5], "texture": "#bookshelf", "cullface": "west"}
			}
		},
		{
			"name": "BlueBook4North",
			"from": [1.00138, 1, 12.99433],
			"to": [2.00138, 5, 13.99433],
			"rotation": {"angle": 0, "axis": "y", "origin": [7.99786, 7.41449, 7.99648]},
			"faces": {
				"west": {"uv": [13, 11, 14, 15], "texture": "#bookshelf", "cullface": "west"},
				"up": {"uv": [13, 11, 14, 12], "texture": "#bookshelf", "cullface": "west"}
			}
		},
		{
			"name": "GreenBook2North",
			"from": [0.00138, 1, 10.99433],
			"to": [2.00138, 6, 12.99433],
			"rotation": {"angle": 0, "axis": "y", "origin": [7.99786, 7.41449, 7.99648]},
			"faces": {
				"north": {"uv": [11, 10, 12, 15], "texture": "#bookshelf", "cullface": "west"},
				"south": {"uv": [12, 10, 13, 15], "texture": "#bookshelf", "cullface": "west"},
				"west": {"uv": [11, 10, 13, 15], "texture": "#bookshelf", "cullface": "west"},
				"up": {"uv": [11, 10, 13, 11], "rotation": 90, "texture": "#bookshelf", "cullface": "west"}
			}
		},
		{
			"name": "GreenBook1North",
			"from": [1.00138, 1, 5.99433],
			"to": [2.00138, 7, 7.99433],
			"rotation": {"angle": 0, "axis": "y", "origin": [7.99786, 7.41449, 7.99648]},
			"faces": {
				"north": {"uv": [6, 9, 7, 15], "texture": "#bookshelf", "cullface": "west"},
				"south": {"uv": [7, 9, 8, 15], "texture": "#bookshelf", "cullface": "west"},
				"west": {"uv": [6, 9, 8, 15], "texture": "#bookshelf", "cullface": "west"}
			}
		},
		{
			"name": "BlueBook3North",
			"from": [0.00138, 1, 3.99433],
			"to": [2.00138, 6, 5.99433],
			"rotation": {"angle": 0, "axis": "y", "origin": [7.99786, 7.41449, 7.99648]},
			"faces": {
				"north": {"uv": [4, 10, 5, 15], "texture": "#bookshelf", "cullface": "west"},
				"south": {"uv": [5, 10, 6, 15], "texture": "#bookshelf", "cullface": "west"},
				"west": {"uv": [4, 10, 6, 15], "texture": "#bookshelf", "cullface": "west"},
				"up": {"uv": [4, 10, 6, 11], "rotation": 90, "texture": "#bookshelf", "cullface": "west"}
			}
		},
		{
			"name": "RedBook3North",
			"from": [1.00138, 1, 1.99433],
			"to": [2.00138, 6, 2.99433],
			"rotation": {"angle": 0, "axis": "y", "origin": [7.99786, 7.41449, 7.99648]},
			"faces": {
				"south": {"uv": [2, 10, 3, 15], "texture": "#bookshelf", "cullface": "west"},
				"west": {"uv": [2, 10, 3, 15], "texture": "#bookshelf", "cullface": "west"},
				"up": {"uv": [2, 10, 3, 11], "rotation": 90, "texture": "#bookshelf", "cullface": "west"}
			}
		},
		{
			"name": "BlueBook2South",
			"from": [14.00138, 9, 1.99433],
			"to": [15.00138, 15, 3.99433],
			"rotation": {"angle": 0, "axis": "y", "origin": [7.99786, 7.41449, 7.99648]},
			"faces": {
				"east": {"uv": [12, 1, 14, 7], "texture": "#bookshelf", "cullface": "east"},
				"south": {"uv": [12, 1, 13, 7], "texture": "#bookshelf", "cullface": "east"}
			}
		},
		{
			"name": "RedBook2South",
			"from": [14.00138, 9, 3.99433],
			"to": [16.00138, 13, 4.99433],
			"rotation": {"angle": 0, "axis": "y", "origin": [7.99786, 7.41449, 7.99648]},
			"faces": {
				"north": {"uv": [11, 3, 12, 7], "texture": "#bookshelf", "cullface": "east"},
				"east": {"uv": [11, 3, 12, 7], "texture": "#bookshelf", "cullface": "east"},
				"south": {"uv": [11, 3, 12, 7], "texture": "#bookshelf", "cullface": "east"},
				"up": {"uv": [11, 3, 12, 4], "rotation": 180, "texture": "#bookshelf", "cullface": "east"}
			}
		},
		{
			"name": "YellowBookSouth",
			"from": [14.00138, 9, 4.99433],
			"to": [15.00138, 14, 6.99433],
			"rotation": {"angle": 0, "axis": "y", "origin": [7.99786, 7.41449, 7.99648]},
			"faces": {
				"north": {"uv": [10, 2, 11, 7], "texture": "#bookshelf", "cullface": "east"},
				"east": {"uv": [9, 2, 11, 7], "texture": "#bookshelf", "cullface": "east"},
				"south": {"uv": [9, 2, 10, 7], "texture": "#bookshelf", "cullface": "east"},
				"up": {"uv": [9, 2, 11, 3], "rotation": 270, "texture": "#bookshelf", "cullface": "east"}
			}
		},
		{
			"name": "RedBook1South",
			"from": [14.00138, 9, 9.99433],
			"to": [15.00138, 14, 11.99433],
			"rotation": {"angle": 0, "axis": "y", "origin": [7.99786, 7.41449, 7.99648]},
			"faces": {
				"north": {"uv": [5, 2, 6, 7], "texture": "#bookshelf", "cullface": "east"},
				"east": {"uv": [4, 2, 6, 7], "texture": "#bookshelf", "cullface": "east"},
				"south": {"uv": [4, 2, 5, 7], "texture": "#bookshelf", "cullface": "east"},
				"up": {"uv": [4, 2, 6, 3], "rotation": 270, "texture": "#bookshelf", "cullface": "east"}
			}
		},
		{
			"name": "BrownBookSouth",
			"from": [14.00138, 9, 11.99433],
			"to": [16.00138, 13, 13.99433],
			"rotation": {"angle": 0, "axis": "y", "origin": [7.99786, 7.41449, 7.99648]},
			"faces": {
				"north": {"uv": [3, 3, 4, 7], "texture": "#bookshelf", "cullface": "east"},
				"east": {"uv": [2, 3, 4, 7], "texture": "#bookshelf", "cullface": "east"},
				"south": {"uv": [2, 3, 3, 7], "texture": "#bookshelf", "cullface": "east"},
				"up": {"uv": [2, 3, 4, 5], "rotation": 180, "texture": "#bookshelf", "cullface": "east"}
			}
		},
		{
			"name": "BlueBook4South",
			"from": [14.00138, 1, 1.99433],
			"to": [15.00138, 5, 2.99433],
			"rotation": {"angle": 0, "axis": "y", "origin": [7.99786, 7.41449, 7.99648]},
			"faces": {
				"east": {"uv": [13, 11, 14, 15], "texture": "#bookshelf", "cullface": "east"},
				"up": {"uv": [13, 11, 14, 12], "rotation": 180, "texture": "#bookshelf", "cullface": "east"}
			}
		},
		{
			"name": "GreenBook2South",
			"from": [14.00138, 1, 2.99433],
			"to": [16.00138, 6, 4.99433],
			"rotation": {"angle": 0, "axis": "y", "origin": [7.99786, 7.41449, 7.99648]},
			"faces": {
				"north": {"uv": [12, 10, 13, 15], "texture": "#bookshelf", "cullface": "east"},
				"east": {"uv": [11, 10, 13, 15], "texture": "#bookshelf", "cullface": "east"},
				"south": {"uv": [11, 10, 12, 15], "texture": "#bookshelf", "cullface": "east"},
				"up": {"uv": [11, 10, 13, 11], "rotation": 270, "texture": "#bookshelf", "cullface": "east"}
			}
		},
		{
			"name": "GreenBook1South",
			"from": [14.00138, 1, 7.99433],
			"to": [15.00138, 7, 9.99433],
			"rotation": {"angle": 0, "axis": "y", "origin": [7.99786, 7.41449, 7.99648]},
			"faces": {
				"north": {"uv": [7, 9, 8, 15], "texture": "#bookshelf", "cullface": "east"},
				"east": {"uv": [6, 9, 8, 15], "texture": "#bookshelf", "cullface": "east"},
				"south": {"uv": [6, 9, 7, 15], "texture": "#bookshelf", "cullface": "east"}
			}
		},
		{
			"name": "BlueBook3South",
			"from": [14.00138, 1, 9.99433],
			"to": [16.00138, 6, 11.99433],
			"rotation": {"angle": 0, "axis": "y", "origin": [7.99786, 7.41449, 7.99648]},
			"faces": {
				"north": {"uv": [5, 10, 6, 15], "texture": "#bookshelf", "cullface": "east"},
				"east": {"uv": [4, 10, 6, 15], "texture": "#bookshelf", "cullface": "east"},
				"south": {"uv": [4, 10, 5, 15], "texture": "#bookshelf", "cullface": "east"},
				"up": {"uv": [4, 10, 6, 11], "rotation": 270, "texture": "#bookshelf", "cullface": "east"}
			}
		},
		{
			"name": "RedBook3South",
			"from": [14.00138, 1, 12.99433],
			"to": [15.00138, 6, 13.99433],
			"rotation": {"angle": 0, "axis": "y", "origin": [7.99786, 7.41449, 7.99648]},
			"faces": {
				"north": {"uv": [2, 10, 3, 15], "texture": "#bookshelf", "cullface": "east"},
				"east": {"uv": [2, 10, 3, 15], "texture": "#bookshelf", "cullface": "east"},
				"up": {"uv": [2, 10, 3, 11], "rotation": 270, "texture": "#bookshelf", "cullface": "east"}
			}
		},
		{
			"name": "BrownBookWest",
			"from": [2.00138, 9, 13.99433],
			"to": [4.00138, 14, 15.99433],
			"rotation": {"angle": 0, "axis": "y", "origin": [7.99786, 7.41449, 7.99648]},
			"faces": {
				"east": {"uv": [3, 2, 4, 7], "texture": "#bookshelf_3", "cullface": "south"},
				"south": {"uv": [2, 2, 4, 7], "texture": "#bookshelf_3", "cullface": "south"},
				"west": {"uv": [2, 2, 3, 7], "texture": "#bookshelf_3", "cullface": "south"},
				"up": {"uv": [2, 2, 4, 3], "texture": "#bookshelf_3", "cullface": "south"}
			}
		},
		{
			"name": "BlueBook2West",
			"from": [12.00138, 9, 13.99433],
			"to": [14.00138, 15, 14.99433],
			"rotation": {"angle": 0, "axis": "y", "origin": [7.99786, 7.41449, 7.99648]},
			"faces": {
				"south": {"uv": [12, 1, 14, 7], "texture": "#bookshelf", "cullface": "south"},
				"west": {"uv": [12, 1, 13, 7], "texture": "#bookshelf", "cullface": "south"}
			}
		},
		{
			"name": "RedBook3West",
			"from": [2.00138, 1, 13.99433],
			"to": [3.00138, 6, 14.99433],
			"rotation": {"angle": 0, "axis": "y", "origin": [7.99786, 7.41449, 7.99648]},
			"faces": {
				"east": {"uv": [2, 10, 3, 15], "texture": "#bookshelf", "cullface": "south"},
				"south": {"uv": [2, 10, 3, 15], "texture": "#bookshelf", "cullface": "south"},
				"up": {"uv": [2, 10, 3, 11], "texture": "#bookshelf", "cullface": "south"}
			}
		},
		{
			"name": "BlueBook3West",
			"from": [3.00138, 1, 13.99433],
			"to": [5.00138, 6, 15.49433],
			"rotation": {"angle": 0, "axis": "y", "origin": [7.99786, 7.41449, 7.99648]},
			"faces": {
				"east": {"uv": [3, 11, 4, 15], "texture": "#bookshelf_3", "cullface": "south"},
				"south": {"uv": [3, 11, 5, 15], "texture": "#bookshelf_3", "cullface": "south"},
				"west": {"uv": [4, 11, 5, 15], "texture": "#bookshelf_3", "cullface": "south"},
				"up": {"uv": [3, 11, 5, 12], "texture": "#bookshelf_3", "cullface": "south"}
			}
		},
		{
			"name": "GreenBook1West",
			"from": [5.00138, 1, 13.99433],
			"to": [7.00138, 6, 15.99433],
			"rotation": {"angle": 0, "axis": "y", "origin": [7.99786, 7.41449, 7.99648]},
			"faces": {
				"east": {"uv": [6, 10, 7, 15], "texture": "#bookshelf_3", "cullface": "south"},
				"south": {"uv": [5, 10, 7, 15], "texture": "#bookshelf_3", "cullface": "south"},
				"west": {"uv": [5, 10, 6, 14.5], "texture": "#bookshelf_3", "cullface": "south"},
				"up": {"uv": [5, 10, 7, 11], "texture": "#bookshelf_3", "cullface": "south"}
			}
		},
		{
			"name": "BlueBook4West",
			"from": [13.00138, 1, 13.99433],
			"to": [14.00138, 6, 14.99433],
			"rotation": {"angle": 0, "axis": "y", "origin": [7.99786, 7.41449, 7.99648]},
			"faces": {
				"south": {"uv": [13, 10, 14, 15], "texture": "#bookshelf_3", "cullface": "south"},
				"up": {"uv": [13, 10, 14, 11], "rotation": 270, "texture": "#bookshelf_3", "cullface": "south"}
			}
		},
		{
			"name": "NorthEast",
			"from": [0.00138, 0, -0.00567],
			"to": [1.00138, 16, 0.99433],
			"rotation": {"angle": 0, "axis": "y", "origin": [7.99786, 7.41449, 7.99648]},
			"faces": {
				"north": {"uv": [15, 0, 16, 16], "texture": "#bookshelf", "cullface": "north"},
				"east": {"uv": [15, 0, 16, 16], "texture": "#bookshelf", "cullface": "north"},
				"south": {"uv": [0, 0, 1, 16], "texture": "#bookshelf", "cullface": "west"},
				"west": {"uv": [0, 0, 1, 16], "texture": "#bookshelf", "cullface": "west"},
				"up": {"uv": [0, 0, 1, 1], "texture": "#wood", "cullface": "up"},
				"down": {"uv": [15, 0, 16, 1], "rotation": 180, "texture": "#wood", "cullface": "down"}
			}
		},
		{
			"name": "BlueBook1South",
			"from": [14.00138, 9, 8.99433],
			"to": [15.00138, 12, 9.99433],
			"rotation": {"angle": 0, "axis": "y", "origin": [7.99786, 7.41449, 7.99648]},
			"faces": {
				"north": {"uv": [6, 4, 7, 7], "texture": "#bookshelf", "cullface": "east"},
				"east": {"uv": [6, 4, 7, 7], "texture": "#bookshelf", "cullface": "east"},
				"up": {"uv": [6, 4, 7, 5], "rotation": 180, "texture": "#bookshelf", "cullface": "east"}
			}
		},
		{
			"name": "YellowBookEast",
			"from": [11.00138, 1, 0.49433],
			"to": [13.00138, 5, 1.99433],
			"rotation": {"angle": 0, "axis": "y", "origin": [7.99786, 7.41449, 7.99648]},
			"faces": {
				"north": {"uv": [3, 11, 5, 15], "texture": "#bookshelf_3", "cullface": "north"},
				"east": {"uv": [3, 11, 4, 15], "texture": "#bookshelf_3", "cullface": "north"},
				"up": {"uv": [3, 11, 5, 12], "rotation": 180, "texture": "#bookshelf_3", "cullface": "north"}
			}
		},
		{
			"name": "YellowBookEast",
			"from": [5.00138, 9, 0.99433],
			"to": [7.00138, 14, 1.99433],
			"rotation": {"angle": 0, "axis": "y", "origin": [7.99786, 7.41449, 7.99648]},
			"faces": {
				"north": {"uv": [9, 2, 11, 7], "texture": "#bookshelf", "cullface": "north"},
				"east": {"uv": [9, 2, 10, 7], "texture": "#bookshelf", "cullface": "north"},
				"west": {"uv": [10, 2, 11, 7], "texture": "#bookshelf", "cullface": "north"},
				"up": {"uv": [9, 2, 11, 3], "rotation": 180, "texture": "#bookshelf", "cullface": "north"}
			}
		},
		{
			"name": "YellowBookEast",
			"from": [7.00138, 3, 13.99433],
			"to": [12.00138, 4, 15.49433],
			"rotation": {"angle": 0, "axis": "y", "origin": [7.99786, 7.41449, 7.99648]},
			"faces": {
				"south": {"uv": [7, 12, 12, 13], "texture": "#bookshelf_3", "cullface": "south"},
				"up": {"uv": [12, 12, 7, 13], "rotation": 180, "texture": "#bookshelf_3", "cullface": "south"}
			}
		},
		{
			"name": "YellowBookEast",
			"from": [7.00138, 9, -0.00567],
			"to": [9.00138, 15, 1.99433],
			"rotation": {"angle": 0, "axis": "y", "origin": [7.99786, 7.41449, 7.99648]},
			"faces": {
				"north": {"uv": [7, 1, 9, 7], "texture": "#bookshelf_3", "cullface": "north"},
				"east": {"uv": [7, 1, 8, 7], "texture": "#bookshelf_3", "cullface": "north"},
				"west": {"uv": [8, 1, 9, 7], "texture": "#bookshelf_3", "cullface": "north"}
			}
		},
		{
			"name": "GreenBook1East",
			"from": [7.00138, 1, 13.99433],
			"to": [12.00138, 3, 16.49433],
			"rotation": {"angle": 0, "axis": "y", "origin": [7.99786, 7.41449, 7.99648]},
			"faces": {
				"east": {"uv": [7, 13, 8, 15], "texture": "#bookshelf_3", "cullface": "south"},
				"south": {"uv": [7, 13, 12, 15], "texture": "#bookshelf_3", "cullface": "south"},
				"west": {"uv": [11, 13, 12, 15], "texture": "#bookshelf_3", "cullface": "south"},
				"up": {"uv": [12, 13, 7, 14], "rotation": 180, "texture": "#bookshelf_3", "cullface": "south"},
				"down": {"uv": [12, 15, 7, 14], "rotation": 180, "texture": "#bookshelf_3", "cullface": "south"}
			}
		},
		{
			"name": "BlueBook3East",
			"from": [9.00138, 1, -0.00567],
			"to": [11.00138, 6, 1.99433],
			"rotation": {"angle": 0, "axis": "y", "origin": [7.99786, 7.41449, 7.99648]},
			"faces": {
				"north": {"uv": [5, 10, 7, 15], "texture": "#bookshelf_3", "cullface": "north"},
				"east": {"uv": [5, 10, 6, 15], "texture": "#bookshelf_3", "cullface": "north"},
				"west": {"uv": [6, 10, 7, 15], "texture": "#bookshelf_3", "cullface": "north"},
				"up": {"uv": [5, 10, 7, 11], "rotation": 180, "texture": "#bookshelf_3", "cullface": "north"}
			}
		},
		{
			"name": "RedBook2North",
			"from": [0.00138, 9, 10.99433],
			"to": [2.00138, 13, 11.99433],
			"rotation": {"angle": 0, "axis": "y", "origin": [7.99786, 7.41449, 7.99648]},
			"faces": {
				"north": {"uv": [11, 3, 12, 7], "texture": "#bookshelf", "cullface": "west"},
				"south": {"uv": [11, 3, 12, 7], "texture": "#bookshelf", "cullface": "west"},
				"west": {"uv": [11, 3, 12, 7], "texture": "#bookshelf", "cullface": "west"},
				"up": {"uv": [11, 3, 12, 4], "texture": "#bookshelf", "cullface": "west"}
			}
		},
		{
			"name": "RedBook2North",
			"from": [14.00138, 9.21351, 7.55404],
			"to": [15.50138, 11.71351, 8.55404],
			"rotation": {"angle": -22.5, "axis": "x", "origin": [14.75138, 10.46351, 8.05404]},
			"faces": {
				"north": {"uv": [14, 4.5, 15, 7], "texture": "#bookshelf", "cullface": "east"},
				"east": {"uv": [14, 4.5, 15, 7], "texture": "#bookshelf", "cullface": "east"},
				"south": {"uv": [14, 4.5, 15, 7], "texture": "#bookshelf", "cullface": "east"},
				"up": {"uv": [14, 3, 15, 4], "texture": "#bookshelf", "cullface": "east"},
				"down": {"uv": [14, 6, 15, 7], "rotation": 90, "texture": "#bookshelf", "cullface": "east"}
			}
		},
		{
			"name": "RedBook2North",
			"from": [0.50138, 9.09619, 7.51075],
			"to": [2.00138, 11.59619, 8.51075],
			"rotation": {"angle": 22.5, "axis": "x", "origin": [1.25138, 10.34619, 8.01075]},
			"faces": {
				"north": {"uv": [14, 4.5, 15, 7], "texture": "#bookshelf", "cullface": "west"},
				"south": {"uv": [14, 4.5, 15, 7], "texture": "#bookshelf", "cullface": "west"},
				"west": {"uv": [14, 4.5, 15, 7], "texture": "#bookshelf", "cullface": "west"},
				"up": {"uv": [14, 3, 15, 4], "texture": "#bookshelf", "cullface": "west"},
				"down": {"uv": [14, 6, 15, 7], "rotation": 90, "texture": "#bookshelf", "cullface": "west"}
			}
		},
		{
			"name": "RedBook2North",
			"from": [0.50138, 1.11836, 9.07569],
			"to": [2.00138, 6.11836, 10.07569],
			"rotation": {"angle": -22.5, "axis": "x", "origin": [1.25138, 3.61836, 9.57569]},
			"faces": {
				"north": {"uv": [5, 2, 6, 7], "texture": "#bookshelf", "cullface": "west"},
				"south": {"uv": [5, 2, 6, 7], "texture": "#bookshelf", "cullface": "west"},
				"west": {"uv": [4, 2, 5, 7], "texture": "#bookshelf", "cullface": "west"},
				"up": {"uv": [4, 2, 5, 3], "texture": "#bookshelf", "cullface": "west"},
				"down": {"uv": [5, 6, 6, 7], "rotation": 90, "texture": "#bookshelf", "cullface": "west"}
			}
		},
		{
			"name": "GreenBook2East",
			"from": [3.00138, 1, -0.00567],
			"to": [4.00138, 5, 1.99433],
			"rotation": {"angle": 0, "axis": "y", "origin": [7.99786, 7.41449, 7.99648]},
			"faces": {
				"north": {"uv": [12, 11, 13, 15], "texture": "#bookshelf_3", "cullface": "north"},
				"east": {"uv": [12, 11, 13, 15], "texture": "#bookshelf_3", "cullface": "north"},
				"west": {"uv": [12, 11, 13, 15], "texture": "#bookshelf_3", "cullface": "north"},
				"up": {"uv": [12, 11, 13, 12], "rotation": 180, "texture": "#bookshelf_3", "cullface": "north"}
			}
		},
		{
			"name": "YellowBookEast",
			"from": [4.00138, 3, 0.49433],
			"to": [9.00138, 4, 1.99433],
			"rotation": {"angle": 0, "axis": "y", "origin": [7.99786, 7.41449, 7.99648]},
			"faces": {
				"north": {"uv": [7, 12, 12, 13], "texture": "#bookshelf_3", "cullface": "north"},
				"up": {"uv": [7, 12, 12, 13], "rotation": 180, "texture": "#bookshelf_3", "cullface": "north"}
			}
		},
		{
			"name": "GreenBook1East",
			"from": [4.00138, 1, -0.50567],
			"to": [9.00138, 3, 1.99433],
			"rotation": {"angle": 0, "axis": "y", "origin": [7.99786, 7.41449, 7.99648]},
			"faces": {
				"north": {"uv": [7, 13, 12, 15], "texture": "#bookshelf_3", "cullface": "north"},
				"east": {"uv": [7, 13, 8, 15], "texture": "#bookshelf_3", "cullface": "north"},
				"west": {"uv": [11, 13, 12, 15], "texture": "#bookshelf_3", "cullface": "north"},
				"up": {"uv": [7, 13, 12, 14], "rotation": 180, "texture": "#bookshelf_3", "cullface": "north"},
				"down": {"uv": [7, 15, 12, 14], "rotation": 180, "texture": "#bookshelf_3", "cullface": "north"}
			}
		},
		{
			"name": "BottomNorth",
			"from": [0.00138, 0, 0.99433],
			"to": [2.00138, 1, 14.99433],
			"rotation": {"angle": 0, "axis": "y", "origin": [7.99786, 7.41449, 7.99648]},
			"faces": {
				"west": {"uv": [1, 15, 15, 16], "texture": "#bookshelf", "cullface": "west"},
				"up": {"uv": [1, 15, 15, 16], "rotation": 270, "texture": "#bookshelf_3", "cullface": "west"},
				"down": {"uv": [14, 1, 16, 15], "rotation": 180, "texture": "#wood", "cullface": "down"}
			}
		},
		{
			"name": "BottomNorth",
			"from": [1.00138, 0, -0.00567],
			"to": [15.00138, 1, 1.99433],
			"rotation": {"angle": 0, "axis": "y", "origin": [7.99786, 7.41449, 7.99648]},
			"faces": {
				"north": {"uv": [1, 15, 15, 16], "texture": "#bookshelf", "cullface": "north"},
				"up": {"uv": [1, 15, 15, 16], "texture": "#bookshelf_3", "cullface": "north"},
				"down": {"uv": [1, 0, 15, 2], "rotation": 180, "texture": "#wood", "cullface": "down"}
			}
		},
		{
			"name": "BottomNorth",
			"from": [14.00138, 0, 0.99433],
			"to": [16.00138, 1, 14.99433],
			"rotation": {"angle": 0, "axis": "y", "origin": [7.99786, 7.41449, 7.99648]},
			"faces": {
				"east": {"uv": [1, 15, 15, 16], "texture": "#bookshelf", "cullface": "east"},
				"up": {"uv": [1, 15, 15, 16], "rotation": 90, "texture": "#bookshelf_3", "cullface": "east"},
				"down": {"uv": [0, 1, 2, 15], "rotation": 180, "texture": "#wood", "cullface": "down"}
			}
		},
		{
			"name": "BottomNorth",
			"from": [1.00138, 0, 13.99433],
			"to": [15.00138, 1, 15.99433],
			"rotation": {"angle": 0, "axis": "y", "origin": [7.99786, 7.41449, 7.99648]},
			"faces": {
				"south": {"uv": [1, 15, 15, 16], "texture": "#bookshelf", "cullface": "south"},
				"up": {"uv": [1, 15, 15, 16], "rotation": 180, "texture": "#bookshelf_3", "cullface": "south"},
				"down": {"uv": [1, 14, 15, 16], "rotation": 180, "texture": "#wood", "cullface": "down"}
			}
		},
		{
			"name": "TopNorth",
			"from": [0.00138, 15, 0.99433],
			"to": [2.00138, 16, 14.99433],
			"rotation": {"angle": 0, "axis": "y", "origin": [7.99786, 7.41449, 7.99648]},
			"faces": {
				"west": {"uv": [1, 0, 15, 1], "texture": "#bookshelf", "cullface": "west"},
				"up": {"uv": [0, 1, 2, 15], "texture": "#wood", "cullface": "up"},
				"down": {"uv": [1, 0, 15, 1], "rotation": 270, "texture": "#bookshelf_3", "cullface": "west"}
			}
		},
		{
			"name": "TopNorth",
			"from": [1.00138, 15, -0.00567],
			"to": [15.00138, 16, 1.99433],
			"rotation": {"angle": 0, "axis": "y", "origin": [7.99786, 7.41449, 7.99648]},
			"faces": {
				"north": {"uv": [1, 0, 15, 1], "texture": "#bookshelf", "cullface": "north"},
				"up": {"uv": [1, 0, 15, 2], "texture": "#wood", "cullface": "up"},
				"down": {"uv": [1, 0, 15, 1], "rotation": 180, "texture": "#bookshelf_3", "cullface": "north"}
			}
		},
		{
			"name": "TopNorth",
			"from": [14.00138, 15, 0.99433],
			"to": [16.00138, 16, 14.99433],
			"rotation": {"angle": 0, "axis": "y", "origin": [7.99786, 7.41449, 7.99648]},
			"faces": {
				"east": {"uv": [1, 0, 15, 1], "texture": "#bookshelf", "cullface": "east"},
				"up": {"uv": [14, 1, 16, 15], "texture": "#wood", "cullface": "up"},
				"down": {"uv": [1, 0, 15, 1], "rotation": 90, "texture": "#bookshelf_3", "cullface": "east"}
			}
		},
		{
			"name": "TopNorth",
			"from": [1.00138, 15, 13.99433],
			"to": [15.00138, 16, 15.99433],
			"rotation": {"angle": 0, "axis": "y", "origin": [7.99786, 7.41449, 7.99648]},
			"faces": {
				"south": {"uv": [1, 0, 15, 1], "texture": "#bookshelf", "cullface": "south"},
				"up": {"uv": [1, 14, 15, 16], "texture": "#wood", "cullface": "up"},
				"down": {"uv": [1, 0, 15, 1], "texture": "#bookshelf_3", "cullface": "south"}
			}
		},
		{
			"name": "MiddleNorth",
			"from": [0.00138, 7, 0.99433],
			"to": [2.00138, 9, 14.99433],
			"rotation": {"angle": 0, "axis": "y", "origin": [7.99786, 7.41449, 7.99648]},
			"faces": {
				"west": {"uv": [1, 7, 15, 9], "texture": "#bookshelf", "cullface": "west"},
				"up": {"uv": [1, 7, 15, 8], "rotation": 270, "texture": "#bookshelf_3", "cullface": "west"},
				"down": {"uv": [1, 8, 15, 9], "rotation": 270, "texture": "#bookshelf_3", "cullface": "west"}
			}
		},
		{
			"name": "MiddleNorth",
			"from": [1.00138, 7, -0.00567],
			"to": [15.00138, 9, 1.99433],
			"rotation": {"angle": 0, "axis": "y", "origin": [7.99786, 7.41449, 7.99648]},
			"faces": {
				"north": {"uv": [1, 7, 15, 9], "texture": "#bookshelf", "cullface": "north"},
				"up": {"uv": [1, 7, 15, 8], "rotation": 180, "texture": "#bookshelf_3", "cullface": "north"},
				"down": {"uv": [1, 8, 15, 9], "rotation": 180, "texture": "#bookshelf_3", "cullface": "north"}
			}
		},
		{
			"name": "MiddleNorth",
			"from": [14.00138, 7, 0.99433],
			"to": [16.00138, 9, 14.99433],
			"rotation": {"angle": 0, "axis": "y", "origin": [7.99786, 7.41449, 7.99648]},
			"faces": {
				"east": {"uv": [1, 7, 15, 9], "texture": "#bookshelf", "cullface": "east"},
				"up": {"uv": [1, 7, 15, 8], "rotation": 270, "texture": "#bookshelf_3", "cullface": "east"},
				"down": {"uv": [1, 8, 15, 9], "rotation": 90, "texture": "#bookshelf_3", "cullface": "east"}
			}
		},
		{
			"name": "MiddleNorth",
			"from": [1.00138, 7, 13.99433],
			"to": [15.00138, 9, 15.99433],
			"rotation": {"angle": 0, "axis": "y", "origin": [7.99786, 7.41449, 7.99648]},
			"faces": {
				"south": {"uv": [1, 7, 15, 9], "texture": "#bookshelf", "cullface": "south"},
				"up": {"uv": [1, 7, 15, 8], "texture": "#bookshelf_3", "cullface": "south"},
				"down": {"uv": [1, 8, 15, 9], "texture": "#bookshelf_3", "cullface": "south"}
			}
		}
	]
}