{
	"__comment": "Created by _GrandMagus_",
	"textures": {
		"particle": "block/brewing_stand",
		"stand": "block/brewing_stand",
		"brewing_stand": "block/brewing_stand"
	},
	"elements": [
		{
			"__comment": "Cube3",
			"from": [ 9, 3, 7.5 ],
			"to": [ 11, 14, 8.5 ],
			"faces": {
				"down": { "uv": [ 5, 12, 7, 13 ], "texture": "#stand" },
				"up": { "uv": [ 5, 2, 7, 3 ], "texture": "#stand" },
				"north": { "uv": [ 5, 2, 7, 13 ], "texture": "#stand" },
				"south": { "uv": [ 7, 2, 5, 13 ], "texture": "#stand" },
				"west": { "uv": [ 6, 2, 7, 13 ], "texture": "#stand" },
				"east": { "uv": [ 5, 2, 6, 13 ], "texture": "#stand" }
			}
		},
		{
			"__comment": "Cube3",
			"from": [ 12, 6, 7.5 ],
			"to": [ 13, 16, 8.5 ],
			"faces": {
				"down": { "uv": [ 12, 9, 13, 10 ], "texture": "#stand" },
				"up": { "uv": [ 12, 0, 13, 1 ], "texture": "#stand" },
				"north": { "uv": [ 12, 0, 13, 10 ], "texture": "#stand" },
				"south": { "uv": [ 12, 0, 13, 10 ], "texture": "#stand" },
				"west": { "uv": [ 12, 0, 13, 10 ], "texture": "#stand" },
				"east": { "uv": [ 12, 0, 13, 10 ], "texture": "#stand" }
			}
		},
		{
			"__comment": "Cube3",
			"from": [ 13, 11, 7.5 ],
			"to": [ 14, 13, 8.5 ],
			"faces": {
				"down": { "uv": [ 2, 4, 3, 5 ], "texture": "#stand" },
				"up": { "uv": [ 2, 3, 3, 4 ], "texture": "#stand" },
				"north": { "uv": [ 2, 3, 3, 5 ], "texture": "#stand" },
				"south": { "uv": [ 2, 3, 3, 5 ], "texture": "#stand" },
				"west": { "uv": [ 2, 3, 3, 5 ], "texture": "#stand" },
				"east": { "uv": [ 2, 3, 3, 5 ], "texture": "#stand" }
			}
		},
		{
			"__comment": "Cube3",
			"from": [ 11, 12, 7.5 ],
			"to": [ 12, 15, 8.5 ],
			"faces": {
				"down": { "uv": [ 4, 3, 5, 4 ], "texture": "#stand" },
				"up": { "uv": [ 4, 1, 5, 2 ], "texture": "#stand" },
				"north": { "uv": [ 4, 1, 5, 4 ], "texture": "#stand" },
				"south": { "uv": [ 4, 1, 5, 4 ], "texture": "#stand" },
				"west": { "uv": [ 4, 1, 5, 4 ], "texture": "#stand" },
				"east": { "uv": [ 4, 1, 5, 4 ], "texture": "#stand" }
			}
		}
	]
}