{
	"credit": "Created by _GrandMagus_",
	"parent": "block/block_ao",
	"ambientocclusion": false,
	"textures": {
		"particle": "block/cactus_side",
		"bottom": "block/cactus_bottom",
		"top": "block/cactus_top",
		"side": "block/cactus_side"
	},
	"elements": [
		{
			"__comment": "Cube4",
			"from": [ -3, 8, 5 ],
			"to": [ 0, 14, 9 ],
			"faces": {
				"down": { "uv": [ 4, 6, 7, 10 ], "texture": "#side" },
				"up": { "uv": [ 6, 7, 9, 11 ], "texture": "#side" },
				"north": { "uv": [ 3, 4, 6, 10 ], "texture": "#side" },
				"south": { "uv": [ 11, 8, 8, 14 ], "texture": "#side" },
				"west": { "uv": [ 6, 2, 10, 8 ], "texture": "#side" },
				"east": { "uv": [ 6, 2, 10, 8 ], "texture": "#side" }
			}
		},
		{
			"__comment": "Cube10",
			"from": [ 1, 0, 1 ],
			"to": [ 15, 16, 15 ],
			"faces": {
				"down": { "uv": [ 1, 1, 15, 15 ], "texture": "#bottom", "cullface": "down" },
				"up": { "uv": [ 1, 1, 15, 15 ], "texture": "#top", "cullface": "up" },
				"north": { "uv": [ 1, 0, 15, 16 ], "texture": "#side" },
				"south": { "uv": [ 1, 0, 15, 16 ], "texture": "#side" },
				"west": { "uv": [ 1, 0, 15, 16 ], "texture": "#side" },
				"east": { "uv": [ 1, 0, 15, 16 ], "texture": "#side" }
			}
		},
		{
			"__comment": "Cube10",
			"from": [ 0, 5, 5 ],
			"to": [ 1, 6, 6 ],
			"faces": {
				"down": { "uv": [ 0, 2, 1, 3 ], "texture": "#side", "rotation": 90 },
				"up": { "uv": [ 0, 2, 1, 3 ], "texture": "#side", "rotation": 270 },
				"north": { "uv": [ 0, 2, 1, 3 ], "texture": "#side" },
				"south": { "uv": [ 0, 2, 1, 3 ], "texture": "#side" },
				"west": { "uv": [ 0, 2, 1, 3 ], "texture": "#side" }
			}
		},
		{
			"__comment": "Cube10",
			"from": [ 0.0002, 10, 14 ],
			"to": [ 1.0002, 11, 15 ],
			"faces": {
				"down": { "uv": [ 0, 2, 1, 3 ], "texture": "#side", "rotation": 90 },
				"up": { "uv": [ 0, 2, 1, 3 ], "texture": "#side", "rotation": 270 },
				"north": { "uv": [ 0, 2, 1, 3 ], "texture": "#side" },
				"south": { "uv": [ 0, 2, 1, 3 ], "texture": "#side" },
				"west": { "uv": [ 0, 2, 1, 3 ], "texture": "#side" }
			}
		},
		{
			"__comment": "Cube10",
			"from": [ 0.0002, 5, 14 ],
			"to": [ 1.0002, 6, 15 ],
			"faces": {
				"down": { "uv": [ 0, 2, 1, 3 ], "texture": "#side", "rotation": 90 },
				"up": { "uv": [ 0, 2, 1, 3 ], "texture": "#side", "rotation": 270 },
				"north": { "uv": [ 0, 2, 1, 3 ], "texture": "#side" },
				"south": { "uv": [ 0, 2, 1, 3 ], "texture": "#side" },
				"west": { "uv": [ 0, 2, 1, 3 ], "texture": "#side" }
			}
		},
		{
			"__comment": "Cube10",
			"from": [ 0.0001, 12, 10 ],
			"to": [ 1.0001, 13, 11 ],
			"faces": {
				"down": { "uv": [ 0, 2, 1, 3 ], "texture": "#side", "rotation": 90 },
				"up": { "uv": [ 0, 2, 1, 3 ], "texture": "#side", "rotation": 270 },
				"north": { "uv": [ 0, 2, 1, 3 ], "texture": "#side" },
				"south": { "uv": [ 0, 2, 1, 3 ], "texture": "#side" },
				"west": { "uv": [ 0, 2, 1, 3 ], "texture": "#side" }
			}
		},
		{
			"__comment": "Cube10",
			"from": [ -4, 9, 6 ],
			"to": [ -3, 10, 7 ],
			"faces": {
				"down": { "uv": [ 0, 2, 1, 3 ], "texture": "#side", "rotation": 90 },
				"up": { "uv": [ 0, 2, 1, 3 ], "texture": "#side", "rotation": 270 },
				"north": { "uv": [ 0, 2, 1, 3 ], "texture": "#side" },
				"south": { "uv": [ 0, 2, 1, 3 ], "texture": "#side" },
				"west": { "uv": [ 0, 2, 1, 3 ], "texture": "#side" }
			}
		},
		{
			"__comment": "Cube10",
			"from": [ -0.0001, 13, 1 ],
			"to": [ 0.9999, 14, 2 ],
			"faces": {
				"down": { "uv": [ 0, 2, 1, 3 ], "texture": "#side", "rotation": 90 },
				"up": { "uv": [ 0, 2, 1, 3 ], "texture": "#side", "rotation": 270 },
				"north": { "uv": [ 0, 2, 1, 3 ], "texture": "#side" },
				"south": { "uv": [ 0, 2, 1, 3 ], "texture": "#side" },
				"west": { "uv": [ 0, 2, 1, 3 ], "texture": "#side" }
			}
		},
		{
			"__comment": "Cube10",
			"from": [ -0.0001, 3, 1 ],
			"to": [ 0.9999, 4, 2 ],
			"faces": {
				"down": { "uv": [ 0, 2, 1, 3 ], "texture": "#side", "rotation": 90 },
				"up": { "uv": [ 0, 2, 1, 3 ], "texture": "#side", "rotation": 270 },
				"north": { "uv": [ 0, 2, 1, 3 ], "texture": "#side" },
				"south": { "uv": [ 0, 2, 1, 3 ], "texture": "#side" },
				"west": { "uv": [ 0, 2, 1, 3 ], "texture": "#side" }
			}
		},
		{
			"__comment": "Cube10",
			"from": [ 0.0001, 1, 10 ],
			"to": [ 1.0001, 2, 11 ],
			"faces": {
				"down": { "uv": [ 0, 2, 1, 3 ], "texture": "#side", "rotation": 90 },
				"up": { "uv": [ 0, 2, 1, 3 ], "texture": "#side", "rotation": 270 },
				"north": { "uv": [ 0, 2, 1, 3 ], "texture": "#side" },
				"south": { "uv": [ 0, 2, 1, 3 ], "texture": "#side" },
				"west": { "uv": [ 0, 2, 1, 3 ], "texture": "#side" }
			}
		},
		{
			"__comment": "Cube10",
			"from": [ 0.0002, 14, 14 ],
			"to": [ 1.0002, 15, 15 ],
			"faces": {
				"down": { "uv": [ 0, 2, 1, 3 ], "texture": "#side", "rotation": 90 },
				"up": { "uv": [ 0, 2, 1, 3 ], "texture": "#side", "rotation": 270 },
				"north": { "uv": [ 0, 2, 1, 3 ], "texture": "#side" },
				"south": { "uv": [ 0, 2, 1, 3 ], "texture": "#side" },
				"west": { "uv": [ 0, 2, 1, 3 ], "texture": "#side" }
			}
		},
		{
			"__comment": "Cube10",
			"from": [ 10, 5, 0 ],
			"to": [ 11, 6, 1 ],
			"faces": {
				"down": { "uv": [ 0, 2, 1, 3 ], "texture": "#side" },
				"up": { "uv": [ 0, 2, 1, 3 ], "texture": "#side" },
				"north": { "uv": [ 0, 2, 1, 3 ], "texture": "#side" },
				"west": { "uv": [ 0, 2, 1, 3 ], "texture": "#side" },
				"east": { "uv": [ 0, 2, 1, 3 ], "texture": "#side" }
			}
		},
		{
			"__comment": "Cube10",
			"from": [ 1, 10, 0 ],
			"to": [ 2, 11, 1 ],
			"faces": {
				"down": { "uv": [ 0, 2, 1, 3 ], "texture": "#side" },
				"up": { "uv": [ 0, 2, 1, 3 ], "texture": "#side" },
				"north": { "uv": [ 0, 2, 1, 3 ], "texture": "#side" },
				"west": { "uv": [ 0, 2, 1, 3 ], "texture": "#side" },
				"east": { "uv": [ 0, 2, 1, 3 ], "texture": "#side" }
			}
		},
		{
			"__comment": "Cube10",
			"from": [ 1, 5, 0 ],
			"to": [ 2, 6, 1 ],
			"faces": {
				"down": { "uv": [ 0, 2, 1, 3 ], "texture": "#side" },
				"up": { "uv": [ 0, 2, 1, 3 ], "texture": "#side" },
				"north": { "uv": [ 0, 2, 1, 3 ], "texture": "#side" },
				"west": { "uv": [ 0, 2, 1, 3 ], "texture": "#side" },
				"east": { "uv": [ 0, 2, 1, 3 ], "texture": "#side" }
			}
		},
		{
			"__comment": "Cube10",
			"from": [ 8, 9, 0 ],
			"to": [ 9, 10, 1 ],
			"faces": {
				"down": { "uv": [ 0, 2, 1, 3 ], "texture": "#side" },
				"up": { "uv": [ 0, 2, 1, 3 ], "texture": "#side" },
				"north": { "uv": [ 0, 2, 1, 3 ], "texture": "#side" },
				"west": { "uv": [ 0, 2, 1, 3 ], "texture": "#side" },
				"east": { "uv": [ 0, 2, 1, 3 ], "texture": "#side" }
			}
		},
		{
			"__comment": "Cube10",
			"from": [ 5, 12, 0 ],
			"to": [ 6, 13, 1 ],
			"faces": {
				"down": { "uv": [ 0, 2, 1, 3 ], "texture": "#side" },
				"up": { "uv": [ 0, 2, 1, 3 ], "texture": "#side" },
				"north": { "uv": [ 0, 2, 1, 3 ], "texture": "#side" },
				"west": { "uv": [ 0, 2, 1, 3 ], "texture": "#side" },
				"east": { "uv": [ 0, 2, 1, 3 ], "texture": "#side" }
			}
		},
		{
			"__comment": "Cube10",
			"from": [ 10, 14, 0 ],
			"to": [ 11, 15, 1 ],
			"faces": {
				"down": { "uv": [ 0, 2, 1, 3 ], "texture": "#side" },
				"up": { "uv": [ 0, 2, 1, 3 ], "texture": "#side" },
				"north": { "uv": [ 0, 2, 1, 3 ], "texture": "#side" },
				"west": { "uv": [ 0, 2, 1, 3 ], "texture": "#side" },
				"east": { "uv": [ 0, 2, 1, 3 ], "texture": "#side" }
			}
		},
		{
			"__comment": "Cube10",
			"from": [ 14, 13, 0 ],
			"to": [ 15, 14, 1 ],
			"faces": {
				"down": { "uv": [ 0, 2, 1, 3 ], "texture": "#side" },
				"up": { "uv": [ 0, 2, 1, 3 ], "texture": "#side" },
				"north": { "uv": [ 0, 2, 1, 3 ], "texture": "#side" },
				"west": { "uv": [ 0, 2, 1, 3 ], "texture": "#side" },
				"east": { "uv": [ 0, 2, 1, 3 ], "texture": "#side" }
			}
		},
		{
			"__comment": "Cube10",
			"from": [ 14, 3, 0 ],
			"to": [ 15, 4, 1 ],
			"faces": {
				"down": { "uv": [ 0, 2, 1, 3 ], "texture": "#side" },
				"up": { "uv": [ 0, 2, 1, 3 ], "texture": "#side" },
				"north": { "uv": [ 0, 2, 1, 3 ], "texture": "#side" },
				"west": { "uv": [ 0, 2, 1, 3 ], "texture": "#side" },
				"east": { "uv": [ 0, 2, 1, 3 ], "texture": "#side" }
			}
		},
		{
			"__comment": "Cube10",
			"from": [ 5, 1, 0 ],
			"to": [ 6, 2, 1 ],
			"faces": {
				"down": { "uv": [ 0, 2, 1, 3 ], "texture": "#side" },
				"up": { "uv": [ 0, 2, 1, 3 ], "texture": "#side" },
				"north": { "uv": [ 0, 2, 1, 3 ], "texture": "#side" },
				"west": { "uv": [ 0, 2, 1, 3 ], "texture": "#side" },
				"east": { "uv": [ 0, 2, 1, 3 ], "texture": "#side" }
			}
		},
		{
			"__comment": "Cube10",
			"from": [ 2, 16, 6 ],
			"to": [ 3, 17, 7 ],
			"faces": {
				"up": { "uv": [ 0, 2, 1, 3 ], "texture": "#side", "cullface": "up" },
				"north": { "uv": [ 0, 2, 1, 3 ], "texture": "#side", "cullface": "up" },
				"south": { "uv": [ 0, 2, 1, 3 ], "texture": "#side", "cullface": "up" },
				"west": { "uv": [ 0, 2, 1, 3 ], "texture": "#side", "cullface": "up" },
				"east": { "uv": [ 0, 2, 1, 3 ], "texture": "#side", "cullface": "up" }
			}
		},
		{
			"__comment": "Cube10",
			"from": [ 15, 5, 10 ],
			"to": [ 16, 6, 11 ],
			"faces": {
				"down": { "uv": [ 0, 2, 1, 3 ], "texture": "#side", "rotation": 270 },
				"up": { "uv": [ 0, 2, 1, 3 ], "texture": "#side", "rotation": 90 },
				"north": { "uv": [ 0, 2, 1, 3 ], "texture": "#side" },
				"south": { "uv": [ 0, 2, 1, 3 ], "texture": "#side" },
				"east": { "uv": [ 0, 2, 1, 3 ], "texture": "#side" }
			}
		},
		{
			"__comment": "Cube10",
			"from": [ 14.9999, 10, 1 ],
			"to": [ 15.9999, 11, 2 ],
			"faces": {
				"down": { "uv": [ 0, 2, 1, 3 ], "texture": "#side", "rotation": 270 },
				"up": { "uv": [ 0, 2, 1, 3 ], "texture": "#side", "rotation": 90 },
				"north": { "uv": [ 0, 2, 1, 3 ], "texture": "#side" },
				"south": { "uv": [ 0, 2, 1, 3 ], "texture": "#side" },
				"east": { "uv": [ 0, 2, 1, 3 ], "texture": "#side" }
			}
		},
		{
			"__comment": "Cube10",
			"from": [ 14.9999, 5, 1 ],
			"to": [ 15.9999, 6, 2 ],
			"faces": {
				"down": { "uv": [ 0, 2, 1, 3 ], "texture": "#side", "rotation": 270 },
				"up": { "uv": [ 0, 2, 1, 3 ], "texture": "#side", "rotation": 90 },
				"north": { "uv": [ 0, 2, 1, 3 ], "texture": "#side" },
				"south": { "uv": [ 0, 2, 1, 3 ], "texture": "#side" },
				"east": { "uv": [ 0, 2, 1, 3 ], "texture": "#side" }
			}
		},
		{
			"__comment": "Cube10",
			"from": [ 15, 9, 8 ],
			"to": [ 16, 10, 9 ],
			"faces": {
				"down": { "uv": [ 0, 2, 1, 3 ], "texture": "#side", "rotation": 270 },
				"up": { "uv": [ 0, 2, 1, 3 ], "texture": "#side", "rotation": 90 },
				"north": { "uv": [ 0, 2, 1, 3 ], "texture": "#side" },
				"south": { "uv": [ 0, 2, 1, 3 ], "texture": "#side" },
				"east": { "uv": [ 0, 2, 1, 3 ], "texture": "#side" }
			}
		},
		{
			"__comment": "Cube10",
			"from": [ 15, 12, 5 ],
			"to": [ 16, 13, 6 ],
			"faces": {
				"down": { "uv": [ 0, 2, 1, 3 ], "texture": "#side", "rotation": 270 },
				"up": { "uv": [ 0, 2, 1, 3 ], "texture": "#side", "rotation": 90 },
				"north": { "uv": [ 0, 2, 1, 3 ], "texture": "#side" },
				"south": { "uv": [ 0, 2, 1, 3 ], "texture": "#side" },
				"east": { "uv": [ 0, 2, 1, 3 ], "texture": "#side" }
			}
		},
		{
			"__comment": "Cube10",
			"from": [ 15, 14, 10 ],
			"to": [ 16, 15, 11 ],
			"faces": {
				"down": { "uv": [ 0, 2, 1, 3 ], "texture": "#side", "rotation": 270 },
				"up": { "uv": [ 0, 2, 1, 3 ], "texture": "#side", "rotation": 90 },
				"north": { "uv": [ 0, 2, 1, 3 ], "texture": "#side" },
				"south": { "uv": [ 0, 2, 1, 3 ], "texture": "#side" },
				"east": { "uv": [ 0, 2, 1, 3 ], "texture": "#side" }
			}
		},
		{
			"__comment": "Cube10",
			"from": [ 15, 13, 14 ],
			"to": [ 16, 14, 15 ],
			"faces": {
				"down": { "uv": [ 0, 2, 1, 3 ], "texture": "#side", "rotation": 270 },
				"up": { "uv": [ 0, 2, 1, 3 ], "texture": "#side", "rotation": 90 },
				"north": { "uv": [ 0, 2, 1, 3 ], "texture": "#side" },
				"south": { "uv": [ 0, 2, 1, 3 ], "texture": "#side" },
				"east": { "uv": [ 0, 2, 1, 3 ], "texture": "#side" }
			}
		},
		{
			"__comment": "Cube10",
			"from": [ 15, 3, 14 ],
			"to": [ 16, 4, 15 ],
			"faces": {
				"down": { "uv": [ 0, 2, 1, 3 ], "texture": "#side", "rotation": 270 },
				"up": { "uv": [ 0, 2, 1, 3 ], "texture": "#side", "rotation": 90 },
				"north": { "uv": [ 0, 2, 1, 3 ], "texture": "#side" },
				"south": { "uv": [ 0, 2, 1, 3 ], "texture": "#side" },
				"east": { "uv": [ 0, 2, 1, 3 ], "texture": "#side" }
			}
		},
		{
			"__comment": "Cube10",
			"from": [ 15, 1, 5 ],
			"to": [ 16, 2, 6 ],
			"faces": {
				"down": { "uv": [ 0, 2, 1, 3 ], "texture": "#side", "rotation": 270 },
				"up": { "uv": [ 0, 2, 1, 3 ], "texture": "#side", "rotation": 90 },
				"north": { "uv": [ 0, 2, 1, 3 ], "texture": "#side" },
				"south": { "uv": [ 0, 2, 1, 3 ], "texture": "#side" },
				"east": { "uv": [ 0, 2, 1, 3 ], "texture": "#side" }
			}
		},
		{
			"__comment": "Cube10",
			"from": [ 14.9999, 14, 1 ],
			"to": [ 15.9999, 15, 2 ],
			"faces": {
				"down": { "uv": [ 0, 2, 1, 3 ], "texture": "#side", "rotation": 270 },
				"up": { "uv": [ 0, 2, 1, 3 ], "texture": "#side", "rotation": 90 },
				"north": { "uv": [ 0, 2, 1, 3 ], "texture": "#side" },
				"south": { "uv": [ 0, 2, 1, 3 ], "texture": "#side" },
				"east": { "uv": [ 0, 2, 1, 3 ], "texture": "#side" }
			}
		},
		{
			"__comment": "Cube10",
			"from": [ 5, 5, 15 ],
			"to": [ 6, 6, 16 ],
			"faces": {
				"down": { "uv": [ 0, 2, 1, 3 ], "texture": "#side", "rotation": 180 },
				"up": { "uv": [ 0, 2, 1, 3 ], "texture": "#side", "rotation": 180 },
				"south": { "uv": [ 0, 2, 1, 3 ], "texture": "#side" },
				"west": { "uv": [ 0, 2, 1, 3 ], "texture": "#side" },
				"east": { "uv": [ 0, 2, 1, 3 ], "texture": "#side" }
			}
		},
		{
			"__comment": "Cube10",
			"from": [ 14, 10, 14.9999 ],
			"to": [ 15, 11, 15.9999 ],
			"faces": {
				"down": { "uv": [ 0, 2, 1, 3 ], "texture": "#side", "rotation": 180 },
				"up": { "uv": [ 0, 2, 1, 3 ], "texture": "#side", "rotation": 180 },
				"south": { "uv": [ 0, 2, 1, 3 ], "texture": "#side" },
				"west": { "uv": [ 0, 2, 1, 3 ], "texture": "#side" },
				"east": { "uv": [ 0, 2, 1, 3 ], "texture": "#side" }
			}
		},
		{
			"__comment": "Cube10",
			"from": [ 14, 5, 14.9999 ],
			"to": [ 15, 6, 15.9999 ],
			"faces": {
				"down": { "uv": [ 0, 2, 1, 3 ], "texture": "#side", "rotation": 180 },
				"up": { "uv": [ 0, 2, 1, 3 ], "texture": "#side", "rotation": 180 },
				"south": { "uv": [ 0, 2, 1, 3 ], "texture": "#side" },
				"west": { "uv": [ 0, 2, 1, 3 ], "texture": "#side" },
				"east": { "uv": [ 0, 2, 1, 3 ], "texture": "#side" }
			}
		},
		{
			"__comment": "Cube10",
			"from": [ 7, 9, 15 ],
			"to": [ 8, 10, 16 ],
			"faces": {
				"down": { "uv": [ 0, 2, 1, 3 ], "texture": "#side", "rotation": 180 },
				"up": { "uv": [ 0, 2, 1, 3 ], "texture": "#side", "rotation": 180 },
				"south": { "uv": [ 0, 2, 1, 3 ], "texture": "#side" },
				"west": { "uv": [ 0, 2, 1, 3 ], "texture": "#side" },
				"east": { "uv": [ 0, 2, 1, 3 ], "texture": "#side" }
			}
		},
		{
			"__comment": "Cube10",
			"from": [ 10, 12, 14.9999 ],
			"to": [ 11, 13, 15.9999 ],
			"faces": {
				"down": { "uv": [ 0, 2, 1, 3 ], "texture": "#side", "rotation": 180 },
				"up": { "uv": [ 0, 2, 1, 3 ], "texture": "#side", "rotation": 180 },
				"south": { "uv": [ 0, 2, 1, 3 ], "texture": "#side" },
				"west": { "uv": [ 0, 2, 1, 3 ], "texture": "#side" },
				"east": { "uv": [ 0, 2, 1, 3 ], "texture": "#side" }
			}
		},
		{
			"__comment": "Cube10",
			"from": [ 5, 14, 15 ],
			"to": [ 6, 15, 16 ],
			"faces": {
				"down": { "uv": [ 0, 2, 1, 3 ], "texture": "#side", "rotation": 180 },
				"up": { "uv": [ 0, 2, 1, 3 ], "texture": "#side", "rotation": 180 },
				"south": { "uv": [ 0, 2, 1, 3 ], "texture": "#side" },
				"west": { "uv": [ 0, 2, 1, 3 ], "texture": "#side" },
				"east": { "uv": [ 0, 2, 1, 3 ], "texture": "#side" }
			}
		},
		{
			"__comment": "Cube10",
			"from": [ 1, 13, 15 ],
			"to": [ 2, 14, 16 ],
			"faces": {
				"down": { "uv": [ 0, 2, 1, 3 ], "texture": "#side", "rotation": 180 },
				"up": { "uv": [ 0, 2, 1, 3 ], "texture": "#side", "rotation": 180 },
				"south": { "uv": [ 0, 2, 1, 3 ], "texture": "#side" },
				"west": { "uv": [ 0, 2, 1, 3 ], "texture": "#side" },
				"east": { "uv": [ 0, 2, 1, 3 ], "texture": "#side" }
			}
		},
		{
			"__comment": "Cube10",
			"from": [ 1, 3, 15 ],
			"to": [ 2, 4, 16 ],
			"faces": {
				"down": { "uv": [ 0, 2, 1, 3 ], "texture": "#side", "rotation": 180 },
				"up": { "uv": [ 0, 2, 1, 3 ], "texture": "#side", "rotation": 180 },
				"south": { "uv": [ 0, 2, 1, 3 ], "texture": "#side" },
				"west": { "uv": [ 0, 2, 1, 3 ], "texture": "#side" },
				"east": { "uv": [ 0, 2, 1, 3 ], "texture": "#side" }
			}
		},
		{
			"__comment": "Cube10",
			"from": [ 10, 1, 14.9999 ],
			"to": [ 11, 2, 15.9999 ],
			"faces": {
				"down": { "uv": [ 0, 2, 1, 3 ], "texture": "#side", "rotation": 180 },
				"up": { "uv": [ 0, 2, 1, 3 ], "texture": "#side", "rotation": 180 },
				"south": { "uv": [ 0, 2, 1, 3 ], "texture": "#side" },
				"west": { "uv": [ 0, 2, 1, 3 ], "texture": "#side" },
				"east": { "uv": [ 0, 2, 1, 3 ], "texture": "#side" }
			}
		},
		{
			"__comment": "Cube10",
			"from": [ 14, 14, 14.9999 ],
			"to": [ 15, 15, 15.9999 ],
			"faces": {
				"down": { "uv": [ 0, 2, 1, 3 ], "texture": "#side", "rotation": 180 },
				"up": { "uv": [ 0, 2, 1, 3 ], "texture": "#side", "rotation": 180 },
				"south": { "uv": [ 0, 2, 1, 3 ], "texture": "#side" },
				"west": { "uv": [ 0, 2, 1, 3 ], "texture": "#side" },
				"east": { "uv": [ 0, 2, 1, 3 ], "texture": "#side" }
			}
		},
		{
			"__comment": "Cube10",
			"from": [ 0, 14, 5 ],
			"to": [ 1, 15, 6 ],
			"faces": {
				"down": { "uv": [ 0, 2, 1, 3 ], "texture": "#side", "rotation": 90 },
				"up": { "uv": [ 0, 2, 1, 3 ], "texture": "#side", "rotation": 270 },
				"north": { "uv": [ 0, 2, 1, 3 ], "texture": "#side" },
				"south": { "uv": [ 0, 2, 1, 3 ], "texture": "#side" },
				"west": { "uv": [ 0, 2, 1, 3 ], "texture": "#side" }
			}
		},
		{
			"__comment": "Cube10",
			"from": [ 1, 14, 0 ],
			"to": [ 2, 15, 1 ],
			"faces": {
				"down": { "uv": [ 0, 2, 1, 3 ], "texture": "#side" },
				"up": { "uv": [ 0, 2, 1, 3 ], "texture": "#side" },
				"north": { "uv": [ 0, 2, 1, 3 ], "texture": "#side" },
				"west": { "uv": [ 0, 2, 1, 3 ], "texture": "#side" },
				"east": { "uv": [ 0, 2, 1, 3 ], "texture": "#side" }
			}
		},
		{
			"__comment": "Cube10",
			"from": [ 4, 16, 3 ],
			"to": [ 5, 17, 4 ],
			"faces": {
				"up": { "uv": [ 0, 2, 1, 3 ], "texture": "#side", "cullface": "up" },
				"north": { "uv": [ 0, 2, 1, 3 ], "texture": "#side", "cullface": "up" },
				"south": { "uv": [ 0, 2, 1, 3 ], "texture": "#side", "cullface": "up" },
				"west": { "uv": [ 0, 2, 1, 3 ], "texture": "#side", "cullface": "up" },
				"east": { "uv": [ 0, 2, 1, 3 ], "texture": "#side", "cullface": "up" }
			}
		},
		{
			"__comment": "Cube10",
			"from": [ 8, 16, 1 ],
			"to": [ 9, 17, 2 ],
			"faces": {
				"up": { "uv": [ 0, 2, 1, 3 ], "texture": "#side", "cullface": "up" },
				"north": { "uv": [ 0, 2, 1, 3 ], "texture": "#side", "cullface": "up" },
				"south": { "uv": [ 0, 2, 1, 3 ], "texture": "#side", "cullface": "up" },
				"west": { "uv": [ 0, 2, 1, 3 ], "texture": "#side", "cullface": "up" },
				"east": { "uv": [ 0, 2, 1, 3 ], "texture": "#side", "cullface": "up" }
			}
		},
		{
			"__comment": "Cube10",
			"from": [ 7, 16, 4 ],
			"to": [ 8, 17, 5 ],
			"faces": {
				"up": { "uv": [ 0, 2, 1, 3 ], "texture": "#side", "cullface": "up" },
				"north": { "uv": [ 0, 2, 1, 3 ], "texture": "#side", "cullface": "up" },
				"south": { "uv": [ 0, 2, 1, 3 ], "texture": "#side", "cullface": "up" },
				"west": { "uv": [ 0, 2, 1, 3 ], "texture": "#side", "cullface": "up" },
				"east": { "uv": [ 0, 2, 1, 3 ], "texture": "#side", "cullface": "up" }
			}
		},
		{
			"__comment": "Cube10",
			"from": [ 10, 16, 5 ],
			"to": [ 11, 17, 6 ],
			"faces": {
				"up": { "uv": [ 0, 2, 1, 3 ], "texture": "#side", "cullface": "up" },
				"north": { "uv": [ 0, 2, 1, 3 ], "texture": "#side", "cullface": "up" },
				"south": { "uv": [ 0, 2, 1, 3 ], "texture": "#side", "cullface": "up" },
				"west": { "uv": [ 0, 2, 1, 3 ], "texture": "#side", "cullface": "up" },
				"east": { "uv": [ 0, 2, 1, 3 ], "texture": "#side", "cullface": "up" }
			}
		},
		{
			"__comment": "Cube10",
			"from": [ 9, 16, 9 ],
			"to": [ 10, 17, 10 ],
			"faces": {
				"up": { "uv": [ 0, 2, 1, 3 ], "texture": "#side", "cullface": "up" },
				"north": { "uv": [ 0, 2, 1, 3 ], "texture": "#side", "cullface": "up" },
				"south": { "uv": [ 0, 2, 1, 3 ], "texture": "#side", "cullface": "up" },
				"west": { "uv": [ 0, 2, 1, 3 ], "texture": "#side", "cullface": "up" },
				"east": { "uv": [ 0, 2, 1, 3 ], "texture": "#side", "cullface": "up" }
			}
		},
		{
			"__comment": "Cube10",
			"from": [ 12, 16, 9 ],
			"to": [ 13, 17, 10 ],
			"faces": {
				"up": { "uv": [ 0, 2, 1, 3 ], "texture": "#side", "cullface": "up" },
				"north": { "uv": [ 0, 2, 1, 3 ], "texture": "#side", "cullface": "up" },
				"south": { "uv": [ 0, 2, 1, 3 ], "texture": "#side", "cullface": "up" },
				"west": { "uv": [ 0, 2, 1, 3 ], "texture": "#side", "cullface": "up" },
				"east": { "uv": [ 0, 2, 1, 3 ], "texture": "#side", "cullface": "up" }
			}
		},
		{
			"__comment": "Cube10",
			"from": [ 12, 16, 12 ],
			"to": [ 13, 17, 13 ],
			"faces": {
				"up": { "uv": [ 0, 2, 1, 3 ], "texture": "#side", "cullface": "up" },
				"north": { "uv": [ 0, 2, 1, 3 ], "texture": "#side", "cullface": "up" },
				"south": { "uv": [ 0, 2, 1, 3 ], "texture": "#side", "cullface": "up" },
				"west": { "uv": [ 0, 2, 1, 3 ], "texture": "#side", "cullface": "up" },
				"east": { "uv": [ 0, 2, 1, 3 ], "texture": "#side", "cullface": "up" }
			}
		},
		{
			"__comment": "Cube10",
			"from": [ 6, 16, 12 ],
			"to": [ 7, 17, 13 ],
			"faces": {
				"up": { "uv": [ 0, 2, 1, 3 ], "texture": "#side", "cullface": "up" },
				"north": { "uv": [ 0, 2, 1, 3 ], "texture": "#side", "cullface": "up" },
				"south": { "uv": [ 0, 2, 1, 3 ], "texture": "#side", "cullface": "up" },
				"west": { "uv": [ 0, 2, 1, 3 ], "texture": "#side", "cullface": "up" },
				"east": { "uv": [ 0, 2, 1, 3 ], "texture": "#side", "cullface": "up" }
			}
		},
		{
			"__comment": "Cube10",
			"from": [ 5, 16, 8 ],
			"to": [ 6, 17, 9 ],
			"faces": {
				"up": { "uv": [ 0, 2, 1, 3 ], "texture": "#side", "cullface": "up" },
				"north": { "uv": [ 0, 2, 1, 3 ], "texture": "#side", "cullface": "up" },
				"south": { "uv": [ 0, 2, 1, 3 ], "texture": "#side", "cullface": "up" },
				"west": { "uv": [ 0, 2, 1, 3 ], "texture": "#side", "cullface": "up" },
				"east": { "uv": [ 0, 2, 1, 3 ], "texture": "#side", "cullface": "up" }
			}
		},
		{
			"__comment": "Cube4",
			"from": [ -2, 6, 6 ],
			"to": [ 1, 10, 10 ],
			"faces": {
				"down": { "uv": [ 2, 6, 5, 10 ], "texture": "#side" },
				"up": { "uv": [ 2, 6, 5, 10 ], "texture": "#side" },
				"north": { "uv": [ 9, 6, 12, 10 ], "texture": "#side" },
				"south": { "uv": [ 4, 4, 7, 8 ], "texture": "#side" },
				"west": { "uv": [ 6, 6, 10, 10 ], "texture": "#side" },
				"east": { "uv": [ 6, 2, 10, 6 ], "texture": "#side" }
			}
		}
	]
}