{
	"credit": "Made with Blockbench",
	"parent": "minecraft:block/cube_all",
	"textures": {
		"all": "block/coal_ore"
	},
	"elements": [
		{
			"from": [0, 0, 0],
			"to": [16, 16, 16],
			"faces": {
				"north": {"uv": [0, 0, 16, 16], "texture": "#all", "cullface": "north"},
				"east": {"uv": [0, 0, 16, 16], "texture": "#all", "cullface": "east"},
				"south": {"uv": [0, 0, 16, 16], "texture": "#all", "cullface": "south"},
				"west": {"uv": [0, 0, 16, 16], "texture": "#all", "cullface": "west"},
				"up": {"uv": [0, 0, 16, 16], "texture": "#all", "cullface": "up"},
				"down": {"uv": [0, 0, 16, 16], "texture": "#all", "cullface": "down"}
			}
		},
		{
			"from": [6, 12, -1],
			"to": [10, 13, 0],
			"rotation": {"angle": 0, "axis": "y", "origin": [8, 8, 8]},
			"faces": {
				"north": {"uv": [6, 3, 10, 4], "texture": "#all", "cullface": "north"},
				"east": {"uv": [6, 3, 7, 4], "texture": "#all", "cullface": "north"},
				"west": {"uv": [9, 3, 10, 4], "texture": "#all", "cullface": "north"},
				"up": {"uv": [10, 3, 6, 4], "texture": "#all", "cullface": "north"},
				"down": {"uv": [10, 3, 6, 4], "texture": "#all", "cullface": "north"}
			}
		},
		{
			"from": [9, 7, -1],
			"to": [12, 8, 0],
			"rotation": {"angle": 0, "axis": "y", "origin": [8, 8, 8]},
			"faces": {
				"north": {"uv": [4, 8, 7, 9], "texture": "#all", "cullface": "north"},
				"east": {"uv": [4, 8, 5, 9], "texture": "#all", "cullface": "north"},
				"west": {"uv": [6, 8, 7, 9], "texture": "#all", "cullface": "north"},
				"up": {"uv": [7, 8, 4, 9], "texture": "#all", "cullface": "north"},
				"down": {"uv": [7, 8, 4, 9], "texture": "#all", "cullface": "north"}
			}
		},
		{
			"from": [10, 8, -0.5],
			"to": [12, 9, 0],
			"rotation": {"angle": 0, "axis": "y", "origin": [8, 8, 8]},
			"faces": {
				"north": {"uv": [4, 7, 6, 8], "texture": "#all", "cullface": "north"},
				"east": {"uv": [4, 7, 4.5, 8], "texture": "#all", "cullface": "north"},
				"west": {"uv": [5, 7, 5.5, 8], "texture": "#all", "cullface": "north"},
				"up": {"uv": [6, 7, 4, 7.5], "texture": "#all", "cullface": "north"}
			}
		},
		{
			"from": [11, 3, -0.5],
			"to": [13, 4, 0],
			"rotation": {"angle": 0, "axis": "y", "origin": [8, 8, 8]},
			"faces": {
				"north": {"uv": [3, 12, 5, 13], "texture": "#all", "cullface": "north"},
				"east": {"uv": [3, 12, 3.5, 13], "texture": "#all", "cullface": "north"},
				"west": {"uv": [4, 12, 4.5, 13], "texture": "#all", "cullface": "north"},
				"up": {"uv": [5, 12, 3, 12.5], "texture": "#all", "cullface": "north"},
				"down": {"uv": [3, 12, 5, 12.5], "texture": "#all", "cullface": "north"}
			}
		},
		{
			"from": [4, 3, -0.5],
			"to": [6, 4, 0],
			"rotation": {"angle": 0, "axis": "y", "origin": [8, 8, 8]},
			"faces": {
				"north": {"uv": [10, 12, 12, 13], "texture": "#all", "cullface": "north"},
				"east": {"uv": [10, 12, 10.5, 13], "texture": "#all", "cullface": "north"},
				"west": {"uv": [11, 12, 11.5, 13], "texture": "#all", "cullface": "north"},
				"up": {"uv": [12, 12, 10, 12.5], "texture": "#all", "cullface": "north"},
				"down": {"uv": [10, 12, 12, 12.5], "texture": "#all", "cullface": "north"}
			}
		},
		{
			"from": [10, 6, -0.5],
			"to": [11, 7, 0],
			"rotation": {"angle": 0, "axis": "y", "origin": [8, 8, 8]},
			"faces": {
				"north": {"uv": [5, 9, 6, 10], "texture": "#all", "cullface": "north"},
				"east": {"uv": [5, 9, 5.5, 10], "texture": "#all", "cullface": "north"},
				"west": {"uv": [5, 9, 5.5, 10], "texture": "#all", "cullface": "north"},
				"down": {"uv": [5, 9, 6, 9.5], "texture": "#all", "cullface": "north"}
			}
		},
		{
			"from": [2, 5, -0.5],
			"to": [3, 6, 0],
			"rotation": {"angle": 0, "axis": "y", "origin": [8, 8, 8]},
			"faces": {
				"north": {"uv": [13, 10, 14, 11], "texture": "#all", "cullface": "north"},
				"east": {"uv": [13, 10, 13.5, 11], "texture": "#all", "cullface": "north"},
				"west": {"uv": [13, 10, 13.5, 11], "texture": "#all", "cullface": "north"},
				"up": {"uv": [14, 10, 13, 10.5], "texture": "#all", "cullface": "north"},
				"down": {"uv": [13, 10, 14, 10.5], "texture": "#all", "cullface": "north"}
			}
		},
		{
			"from": [4, 2, -0.5],
			"to": [5, 3, 0],
			"rotation": {"angle": 0, "axis": "y", "origin": [8, 8, 8]},
			"faces": {
				"north": {"uv": [11, 13, 12, 14], "texture": "#all", "cullface": "north"},
				"east": {"uv": [11, 13, 11.5, 14], "texture": "#all", "cullface": "north"},
				"west": {"uv": [11, 13, 11.5, 14], "texture": "#all", "cullface": "north"},
				"down": {"uv": [11, 13, 12, 13.5], "texture": "#all", "cullface": "north"}
			}
		},
		{
			"from": [7, 11, -0.5],
			"to": [9, 14, 0],
			"rotation": {"angle": 0, "axis": "y", "origin": [8, 8, 8]},
			"faces": {
				"north": {"uv": [7, 2, 9, 5], "texture": "#all", "cullface": "north"},
				"east": {"uv": [7, 2, 7.5, 5], "texture": "#all", "cullface": "north"},
				"west": {"uv": [8, 2, 8.5, 5], "texture": "#all", "cullface": "north"},
				"up": {"uv": [7, 2, 9, 2.5], "texture": "#all", "cullface": "north"},
				"down": {"uv": [7, 4, 9, 4.5], "texture": "#all", "cullface": "north"}
			}
		},
		{
			"from": [16, 11, 7],
			"to": [16.5, 14, 9],
			"rotation": {"angle": 0, "axis": "y", "origin": [8, 8, 8]},
			"faces": {
				"north": {"uv": [8, 2, 8.5, 5], "texture": "#all", "cullface": "east"},
				"east": {"uv": [7, 2, 9, 5], "texture": "#all", "cullface": "east"},
				"south": {"uv": [7, 2, 7.5, 5], "texture": "#all", "cullface": "east"},
				"up": {"uv": [7, 2, 9, 2.5], "rotation": 90, "texture": "#all", "cullface": "east"},
				"down": {"uv": [7, 4, 9, 4.5], "rotation": 270, "texture": "#all", "cullface": "east"}
			}
		},
		{
			"from": [16, 12, 6],
			"to": [17, 13, 10],
			"rotation": {"angle": 0, "axis": "y", "origin": [8, 8, 8]},
			"faces": {
				"north": {"uv": [9, 3, 10, 4], "texture": "#all", "cullface": "east"},
				"east": {"uv": [6, 3, 10, 4], "texture": "#all", "cullface": "east"},
				"south": {"uv": [6, 3, 7, 4], "texture": "#all", "cullface": "east"},
				"up": {"uv": [10, 3, 6, 4], "rotation": 90, "texture": "#all", "cullface": "east"},
				"down": {"uv": [10, 3, 6, 4], "rotation": 270, "texture": "#all", "cullface": "east"}
			}
		},
		{
			"from": [16, 7, 9],
			"to": [17, 8, 12],
			"rotation": {"angle": 0, "axis": "y", "origin": [8, 8, 8]},
			"faces": {
				"north": {"uv": [6, 8, 7, 9], "texture": "#all", "cullface": "east"},
				"east": {"uv": [4, 8, 7, 9], "texture": "#all", "cullface": "east"},
				"south": {"uv": [4, 8, 5, 9], "texture": "#all", "cullface": "east"},
				"up": {"uv": [7, 8, 4, 9], "rotation": 90, "texture": "#all", "cullface": "east"},
				"down": {"uv": [7, 8, 4, 9], "rotation": 270, "texture": "#all", "cullface": "east"}
			}
		},
		{
			"from": [16, 8, 10],
			"to": [16.5, 9, 12],
			"rotation": {"angle": 0, "axis": "y", "origin": [8, 8, 8]},
			"faces": {
				"north": {"uv": [5, 7, 5.5, 8], "texture": "#all", "cullface": "east"},
				"east": {"uv": [4, 7, 6, 8], "texture": "#all", "cullface": "east"},
				"south": {"uv": [4, 7, 4.5, 8], "texture": "#all", "cullface": "east"},
				"up": {"uv": [6, 7, 4, 7.5], "rotation": 90, "texture": "#all", "cullface": "east"}
			}
		},
		{
			"from": [16, 3, 11],
			"to": [16.5, 4, 13],
			"rotation": {"angle": 0, "axis": "y", "origin": [8, 8, 8]},
			"faces": {
				"north": {"uv": [4, 12, 4.5, 13], "texture": "#all", "cullface": "east"},
				"east": {"uv": [3, 12, 5, 13], "texture": "#all", "cullface": "east"},
				"south": {"uv": [3, 12, 3.5, 13], "texture": "#all", "cullface": "east"},
				"up": {"uv": [5, 12, 3, 12.5], "rotation": 90, "texture": "#all", "cullface": "east"},
				"down": {"uv": [3, 12, 5, 12.5], "rotation": 270, "texture": "#all", "cullface": "east"}
			}
		},
		{
			"from": [16, 3, 4],
			"to": [16.5, 4, 6],
			"rotation": {"angle": 0, "axis": "y", "origin": [8, 8, 8]},
			"faces": {
				"north": {"uv": [11, 12, 11.5, 13], "texture": "#all", "cullface": "east"},
				"east": {"uv": [10, 12, 12, 13], "texture": "#all", "cullface": "east"},
				"south": {"uv": [10, 12, 10.5, 13], "texture": "#all", "cullface": "east"},
				"up": {"uv": [12, 12, 10, 12.5], "rotation": 90, "texture": "#all", "cullface": "east"},
				"down": {"uv": [10, 12, 12, 12.5], "rotation": 270, "texture": "#all", "cullface": "east"}
			}
		},
		{
			"from": [16, 6, 10],
			"to": [16.5, 7, 11],
			"rotation": {"angle": 0, "axis": "y", "origin": [8, 8, 8]},
			"faces": {
				"north": {"uv": [5, 9, 5.5, 10], "texture": "#all", "cullface": "east"},
				"east": {"uv": [5, 9, 6, 10], "texture": "#all", "cullface": "east"},
				"south": {"uv": [5, 9, 5.5, 10], "texture": "#all", "cullface": "east"},
				"down": {"uv": [5, 9, 6, 9.5], "rotation": 270, "texture": "#all", "cullface": "east"}
			}
		},
		{
			"from": [16, 5, 2],
			"to": [16.5, 6, 3],
			"rotation": {"angle": 0, "axis": "y", "origin": [8, 8, 8]},
			"faces": {
				"north": {"uv": [13, 10, 13.5, 11], "texture": "#all", "cullface": "east"},
				"east": {"uv": [13, 10, 14, 11], "texture": "#all", "cullface": "east"},
				"south": {"uv": [13, 10, 13.5, 11], "texture": "#all", "cullface": "east"},
				"up": {"uv": [14, 10, 13, 10.5], "rotation": 90, "texture": "#all", "cullface": "east"},
				"down": {"uv": [13, 10, 14, 10.5], "rotation": 270, "texture": "#all", "cullface": "east"}
			}
		},
		{
			"from": [16, 2, 4],
			"to": [16.5, 3, 5],
			"rotation": {"angle": 0, "axis": "y", "origin": [8, 8, 8]},
			"faces": {
				"north": {"uv": [11, 13, 11.5, 14], "texture": "#all", "cullface": "east"},
				"east": {"uv": [11, 13, 12, 14], "texture": "#all", "cullface": "east"},
				"south": {"uv": [11, 13, 11.5, 14], "texture": "#all", "cullface": "east"},
				"down": {"uv": [11, 13, 12, 13.5], "rotation": 270, "texture": "#all", "cullface": "east"}
			}
		},
		{
			"from": [7, 11, 16],
			"to": [9, 14, 16.5],
			"rotation": {"angle": 0, "axis": "y", "origin": [8, 8, 8]},
			"faces": {
				"east": {"uv": [8, 2, 8.5, 5], "texture": "#all", "cullface": "south"},
				"south": {"uv": [7, 2, 9, 5], "texture": "#all", "cullface": "south"},
				"west": {"uv": [7, 2, 7.5, 5], "texture": "#all", "cullface": "south"},
				"up": {"uv": [7, 2, 9, 2.5], "rotation": 180, "texture": "#all", "cullface": "south"},
				"down": {"uv": [7, 4, 9, 4.5], "rotation": 180, "texture": "#all", "cullface": "south"}
			}
		},
		{
			"from": [6, 12, 16],
			"to": [10, 13, 17],
			"rotation": {"angle": 0, "axis": "y", "origin": [8, 8, 8]},
			"faces": {
				"east": {"uv": [9, 3, 10, 4], "texture": "#all", "cullface": "south"},
				"south": {"uv": [6, 3, 10, 4], "texture": "#all", "cullface": "south"},
				"west": {"uv": [6, 3, 7, 4], "texture": "#all", "cullface": "south"},
				"up": {"uv": [10, 3, 6, 4], "rotation": 180, "texture": "#all", "cullface": "south"},
				"down": {"uv": [10, 3, 6, 4], "rotation": 180, "texture": "#all", "cullface": "south"}
			}
		},
		{
			"from": [4, 7, 16],
			"to": [7, 8, 17],
			"rotation": {"angle": 0, "axis": "y", "origin": [8, 8, 8]},
			"faces": {
				"east": {"uv": [6, 8, 7, 9], "texture": "#all", "cullface": "south"},
				"south": {"uv": [4, 8, 7, 9], "texture": "#all", "cullface": "south"},
				"west": {"uv": [4, 8, 5, 9], "texture": "#all", "cullface": "south"},
				"up": {"uv": [7, 8, 4, 9], "rotation": 180, "texture": "#all", "cullface": "south"},
				"down": {"uv": [7, 8, 4, 9], "rotation": 180, "texture": "#all", "cullface": "south"}
			}
		},
		{
			"from": [4, 8, 16],
			"to": [6, 9, 16.5],
			"rotation": {"angle": 0, "axis": "y", "origin": [8, 8, 8]},
			"faces": {
				"east": {"uv": [5, 7, 5.5, 8], "texture": "#all", "cullface": "south"},
				"south": {"uv": [4, 7, 6, 8], "texture": "#all", "cullface": "south"},
				"west": {"uv": [4, 7, 4.5, 8], "texture": "#all", "cullface": "south"},
				"up": {"uv": [6, 7, 4, 7.5], "rotation": 180, "texture": "#all", "cullface": "south"}
			}
		},
		{
			"from": [3, 3, 16],
			"to": [5, 4, 16.5],
			"rotation": {"angle": 0, "axis": "y", "origin": [8, 8, 8]},
			"faces": {
				"east": {"uv": [4, 12, 4.5, 13], "texture": "#all", "cullface": "south"},
				"south": {"uv": [3, 12, 5, 13], "texture": "#all", "cullface": "south"},
				"west": {"uv": [3, 12, 3.5, 13], "texture": "#all", "cullface": "south"},
				"up": {"uv": [5, 12, 3, 12.5], "rotation": 180, "texture": "#all", "cullface": "south"},
				"down": {"uv": [3, 12, 5, 12.5], "rotation": 180, "texture": "#all", "cullface": "south"}
			}
		},
		{
			"from": [10, 3, 16],
			"to": [12, 4, 16.5],
			"rotation": {"angle": 0, "axis": "y", "origin": [8, 8, 8]},
			"faces": {
				"east": {"uv": [11, 12, 11.5, 13], "texture": "#all", "cullface": "south"},
				"south": {"uv": [10, 12, 12, 13], "texture": "#all", "cullface": "south"},
				"west": {"uv": [10, 12, 10.5, 13], "texture": "#all", "cullface": "south"},
				"up": {"uv": [12, 12, 10, 12.5], "rotation": 180, "texture": "#all", "cullface": "south"},
				"down": {"uv": [10, 12, 12, 12.5], "rotation": 180, "texture": "#all", "cullface": "south"}
			}
		},
		{
			"from": [5, 6, 16],
			"to": [6, 7, 16.5],
			"rotation": {"angle": 0, "axis": "y", "origin": [8, 8, 8]},
			"faces": {
				"east": {"uv": [5, 9, 5.5, 10], "texture": "#all", "cullface": "south"},
				"south": {"uv": [5, 9, 6, 10], "texture": "#all", "cullface": "south"},
				"west": {"uv": [5, 9, 5.5, 10], "texture": "#all", "cullface": "south"},
				"down": {"uv": [5, 9, 6, 9.5], "rotation": 180, "texture": "#all", "cullface": "south"}
			}
		},
		{
			"from": [13, 5, 16],
			"to": [14, 6, 16.5],
			"rotation": {"angle": 0, "axis": "y", "origin": [8, 8, 8]},
			"faces": {
				"east": {"uv": [13, 10, 13.5, 11], "texture": "#all", "cullface": "south"},
				"south": {"uv": [13, 10, 14, 11], "texture": "#all", "cullface": "south"},
				"west": {"uv": [13, 10, 13.5, 11], "texture": "#all", "cullface": "south"},
				"up": {"uv": [14, 10, 13, 10.5], "rotation": 180, "texture": "#all", "cullface": "south"},
				"down": {"uv": [13, 10, 14, 10.5], "rotation": 180, "texture": "#all", "cullface": "south"}
			}
		},
		{
			"from": [11, 2, 16],
			"to": [12, 3, 16.5],
			"rotation": {"angle": 0, "axis": "y", "origin": [8, 8, 8]},
			"faces": {
				"east": {"uv": [11, 13, 11.5, 14], "texture": "#all", "cullface": "south"},
				"south": {"uv": [11, 13, 12, 14], "texture": "#all", "cullface": "south"},
				"west": {"uv": [11, 13, 11.5, 14], "texture": "#all", "cullface": "south"},
				"down": {"uv": [11, 13, 12, 13.5], "rotation": 180, "texture": "#all", "cullface": "south"}
			}
		},
		{
			"from": [-0.5, 11, 7],
			"to": [0, 14, 9],
			"rotation": {"angle": 0, "axis": "y", "origin": [8, 8, 8]},
			"faces": {
				"north": {"uv": [7, 2, 7.5, 5], "texture": "#all", "cullface": "west"},
				"south": {"uv": [8, 2, 8.5, 5], "texture": "#all", "cullface": "west"},
				"west": {"uv": [7, 2, 9, 5], "texture": "#all", "cullface": "west"},
				"up": {"uv": [7, 2, 9, 2.5], "rotation": 270, "texture": "#all", "cullface": "west"},
				"down": {"uv": [7, 4, 9, 4.5], "rotation": 90, "texture": "#all", "cullface": "west"}
			}
		},
		{
			"from": [-1, 12, 6],
			"to": [0, 13, 10],
			"rotation": {"angle": 0, "axis": "y", "origin": [8, 8, 8]},
			"faces": {
				"north": {"uv": [6, 3, 7, 4], "texture": "#all", "cullface": "west"},
				"south": {"uv": [9, 3, 10, 4], "texture": "#all", "cullface": "west"},
				"west": {"uv": [6, 3, 10, 4], "texture": "#all", "cullface": "west"},
				"up": {"uv": [10, 3, 6, 4], "rotation": 270, "texture": "#all", "cullface": "west"},
				"down": {"uv": [10, 3, 6, 4], "rotation": 90, "texture": "#all", "cullface": "west"}
			}
		},
		{
			"from": [-1, 7, 4],
			"to": [0, 8, 7],
			"rotation": {"angle": 0, "axis": "y", "origin": [8, 8, 8]},
			"faces": {
				"north": {"uv": [4, 8, 5, 9], "texture": "#all", "cullface": "west"},
				"south": {"uv": [6, 8, 7, 9], "texture": "#all", "cullface": "west"},
				"west": {"uv": [4, 8, 7, 9], "texture": "#all", "cullface": "west"},
				"up": {"uv": [7, 8, 4, 9], "rotation": 270, "texture": "#all", "cullface": "west"},
				"down": {"uv": [7, 8, 4, 9], "rotation": 90, "texture": "#all", "cullface": "west"}
			}
		},
		{
			"from": [-0.5, 8, 4],
			"to": [0, 9, 6],
			"rotation": {"angle": 0, "axis": "y", "origin": [8, 8, 8]},
			"faces": {
				"north": {"uv": [4, 7, 4.5, 8], "texture": "#all", "cullface": "west"},
				"south": {"uv": [5, 7, 5.5, 8], "texture": "#all", "cullface": "west"},
				"west": {"uv": [4, 7, 6, 8], "texture": "#all", "cullface": "west"},
				"up": {"uv": [6, 7, 4, 7.5], "rotation": 270, "texture": "#all", "cullface": "west"}
			}
		},
		{
			"from": [-0.5, 3, 3],
			"to": [0, 4, 5],
			"rotation": {"angle": 0, "axis": "y", "origin": [8, 8, 8]},
			"faces": {
				"north": {"uv": [3, 12, 3.5, 13], "texture": "#all", "cullface": "west"},
				"south": {"uv": [4, 12, 4.5, 13], "texture": "#all", "cullface": "west"},
				"west": {"uv": [3, 12, 5, 13], "texture": "#all", "cullface": "west"},
				"up": {"uv": [5, 12, 3, 12.5], "rotation": 270, "texture": "#all", "cullface": "west"},
				"down": {"uv": [3, 12, 5, 12.5], "rotation": 90, "texture": "#all", "cullface": "west"}
			}
		},
		{
			"from": [-0.5, 3, 10],
			"to": [0, 4, 12],
			"rotation": {"angle": 0, "axis": "y", "origin": [8, 8, 8]},
			"faces": {
				"north": {"uv": [10, 12, 10.5, 13], "texture": "#all", "cullface": "west"},
				"south": {"uv": [11, 12, 11.5, 13], "texture": "#all", "cullface": "west"},
				"west": {"uv": [10, 12, 12, 13], "texture": "#all", "cullface": "west"},
				"up": {"uv": [12, 12, 10, 12.5], "rotation": 270, "texture": "#all", "cullface": "west"},
				"down": {"uv": [10, 12, 12, 12.5], "rotation": 90, "texture": "#all", "cullface": "west"}
			}
		},
		{
			"from": [-0.5, 6, 5],
			"to": [0, 7, 6],
			"rotation": {"angle": 0, "axis": "y", "origin": [8, 8, 8]},
			"faces": {
				"north": {"uv": [5, 9, 5.5, 10], "texture": "#all", "cullface": "west"},
				"south": {"uv": [5, 9, 5.5, 10], "texture": "#all", "cullface": "west"},
				"west": {"uv": [5, 9, 6, 10], "texture": "#all", "cullface": "west"},
				"down": {"uv": [5, 9, 6, 9.5], "rotation": 90, "texture": "#all", "cullface": "west"}
			}
		},
		{
			"from": [-0.5, 5, 13],
			"to": [0, 6, 14],
			"rotation": {"angle": 0, "axis": "y", "origin": [8, 8, 8]},
			"faces": {
				"north": {"uv": [13, 10, 13.5, 11], "texture": "#all", "cullface": "west"},
				"south": {"uv": [13, 10, 13.5, 11], "texture": "#all", "cullface": "west"},
				"west": {"uv": [13, 10, 14, 11], "texture": "#all", "cullface": "west"},
				"up": {"uv": [14, 10, 13, 10.5], "rotation": 270, "texture": "#all", "cullface": "west"},
				"down": {"uv": [13, 10, 14, 10.5], "rotation": 90, "texture": "#all", "cullface": "west"}
			}
		},
		{
			"from": [-0.5, 2, 11],
			"to": [0, 3, 12],
			"rotation": {"angle": 0, "axis": "y", "origin": [8, 8, 8]},
			"faces": {
				"north": {"uv": [11, 13, 11.5, 14], "texture": "#all", "cullface": "west"},
				"south": {"uv": [11, 13, 11.5, 14], "texture": "#all", "cullface": "west"},
				"west": {"uv": [11, 13, 12, 14], "texture": "#all", "cullface": "west"},
				"down": {"uv": [11, 13, 12, 13.5], "rotation": 90, "texture": "#all", "cullface": "west"}
			}
		},
		{
			"from": [7, 16, 2],
			"to": [9, 16.5, 5],
			"rotation": {"angle": 0, "axis": "x", "origin": [8, 8, 8]},
			"faces": {
				"north": {"uv": [7, 2, 9, 2.5], "texture": "#all", "cullface": "up"},
				"east": {"uv": [8, 2, 8.5, 5], "rotation": 90, "texture": "#all", "cullface": "up"},
				"south": {"uv": [7, 4, 9, 4.5], "rotation": 180, "texture": "#all", "cullface": "up"},
				"west": {"uv": [7, 2, 7.5, 5], "rotation": 270, "texture": "#all", "cullface": "up"},
				"up": {"uv": [7, 2, 9, 5], "texture": "#all", "cullface": "up"}
			}
		},
		{
			"from": [6, 16, 3],
			"to": [10, 17, 4],
			"rotation": {"angle": 0, "axis": "x", "origin": [8, 8, 8]},
			"faces": {
				"north": {"uv": [10, 3, 6, 4], "texture": "#all", "cullface": "up"},
				"east": {"uv": [9, 3, 10, 4], "rotation": 90, "texture": "#all", "cullface": "up"},
				"south": {"uv": [10, 3, 6, 4], "rotation": 180, "texture": "#all", "cullface": "up"},
				"west": {"uv": [6, 3, 7, 4], "rotation": 270, "texture": "#all", "cullface": "up"},
				"up": {"uv": [6, 3, 10, 4], "texture": "#all", "cullface": "up"}
			}
		},
		{
			"from": [4, 16, 8],
			"to": [7, 17, 9],
			"rotation": {"angle": 0, "axis": "x", "origin": [8, 8, 8]},
			"faces": {
				"north": {"uv": [7, 8, 4, 9], "texture": "#all", "cullface": "up"},
				"east": {"uv": [6, 8, 7, 9], "rotation": 90, "texture": "#all", "cullface": "up"},
				"south": {"uv": [7, 8, 4, 9], "rotation": 180, "texture": "#all", "cullface": "up"},
				"west": {"uv": [4, 8, 5, 9], "rotation": 270, "texture": "#all", "cullface": "up"},
				"up": {"uv": [4, 8, 7, 9], "texture": "#all", "cullface": "up"}
			}
		},
		{
			"from": [4, 16, 7],
			"to": [6, 16.5, 8],
			"rotation": {"angle": 0, "axis": "x", "origin": [8, 8, 8]},
			"faces": {
				"north": {"uv": [6, 7, 4, 7.5], "texture": "#all", "cullface": "up"},
				"east": {"uv": [5, 7, 5.5, 8], "rotation": 90, "texture": "#all", "cullface": "up"},
				"west": {"uv": [4, 7, 4.5, 8], "rotation": 270, "texture": "#all", "cullface": "up"},
				"up": {"uv": [4, 7, 6, 8], "texture": "#all", "cullface": "up"}
			}
		},
		{
			"from": [3, 16, 12],
			"to": [5, 16.5, 13],
			"rotation": {"angle": 0, "axis": "x", "origin": [8, 8, 8]},
			"faces": {
				"north": {"uv": [5, 12, 3, 12.5], "texture": "#all", "cullface": "up"},
				"east": {"uv": [4, 12, 4.5, 13], "rotation": 90, "texture": "#all", "cullface": "up"},
				"south": {"uv": [3, 12, 5, 12.5], "rotation": 180, "texture": "#all", "cullface": "up"},
				"west": {"uv": [3, 12, 3.5, 13], "rotation": 270, "texture": "#all", "cullface": "up"},
				"up": {"uv": [3, 12, 5, 13], "texture": "#all", "cullface": "up"}
			}
		},
		{
			"from": [10, 16, 12],
			"to": [12, 16.5, 13],
			"rotation": {"angle": 0, "axis": "x", "origin": [8, 8, 8]},
			"faces": {
				"north": {"uv": [12, 12, 10, 12.5], "texture": "#all", "cullface": "up"},
				"east": {"uv": [11, 12, 11.5, 13], "rotation": 90, "texture": "#all", "cullface": "up"},
				"south": {"uv": [10, 12, 12, 12.5], "rotation": 180, "texture": "#all", "cullface": "up"},
				"west": {"uv": [10, 12, 10.5, 13], "rotation": 270, "texture": "#all", "cullface": "up"},
				"up": {"uv": [10, 12, 12, 13], "texture": "#all", "cullface": "up"}
			}
		},
		{
			"from": [5, 16, 9],
			"to": [6, 16.5, 10],
			"rotation": {"angle": 0, "axis": "x", "origin": [8, 8, 8]},
			"faces": {
				"east": {"uv": [5, 9, 5.5, 10], "rotation": 90, "texture": "#all", "cullface": "up"},
				"south": {"uv": [5, 9, 6, 9.5], "rotation": 180, "texture": "#all", "cullface": "up"},
				"west": {"uv": [5, 9, 5.5, 10], "rotation": 270, "texture": "#all", "cullface": "up"},
				"up": {"uv": [5, 9, 6, 10], "texture": "#all", "cullface": "up"}
			}
		},
		{
			"from": [13, 16, 10],
			"to": [14, 16.5, 11],
			"rotation": {"angle": 0, "axis": "x", "origin": [8, 8, 8]},
			"faces": {
				"north": {"uv": [14, 10, 13, 10.5], "texture": "#all", "cullface": "up"},
				"east": {"uv": [13, 10, 13.5, 11], "rotation": 90, "texture": "#all", "cullface": "up"},
				"south": {"uv": [13, 10, 14, 10.5], "rotation": 180, "texture": "#all", "cullface": "up"},
				"west": {"uv": [13, 10, 13.5, 11], "rotation": 270, "texture": "#all", "cullface": "up"},
				"up": {"uv": [13, 10, 14, 11], "texture": "#all", "cullface": "up"}
			}
		},
		{
			"from": [11, 16, 13],
			"to": [12, 16.5, 14],
			"rotation": {"angle": 0, "axis": "x", "origin": [8, 8, 8]},
			"faces": {
				"east": {"uv": [11, 13, 11.5, 14], "rotation": 90, "texture": "#all", "cullface": "up"},
				"south": {"uv": [11, 13, 12, 13.5], "rotation": 180, "texture": "#all", "cullface": "up"},
				"west": {"uv": [11, 13, 11.5, 14], "rotation": 270, "texture": "#all", "cullface": "up"},
				"up": {"uv": [11, 13, 12, 14], "texture": "#all", "cullface": "up"}
			}
		},
		{
			"from": [7, -0.5, 11],
			"to": [9, 0, 14],
			"rotation": {"angle": 0, "axis": "x", "origin": [8, 8, 8]},
			"faces": {
				"north": {"uv": [7, 4, 9, 4.5], "texture": "#all", "cullface": "down"},
				"east": {"uv": [8, 2, 8.5, 5], "rotation": 270, "texture": "#all", "cullface": "down"},
				"south": {"uv": [7, 2, 9, 2.5], "rotation": 180, "texture": "#all", "cullface": "down"},
				"west": {"uv": [7, 2, 7.5, 5], "rotation": 90, "texture": "#all", "cullface": "down"},
				"down": {"uv": [7, 2, 9, 5], "texture": "#all", "cullface": "down"}
			}
		},
		{
			"from": [6, -1, 12],
			"to": [10, 0, 13],
			"rotation": {"angle": 0, "axis": "x", "origin": [8, 8, 8]},
			"faces": {
				"north": {"uv": [10, 3, 6, 4], "texture": "#all", "cullface": "down"},
				"east": {"uv": [9, 3, 10, 4], "rotation": 270, "texture": "#all", "cullface": "down"},
				"south": {"uv": [10, 3, 6, 4], "rotation": 180, "texture": "#all", "cullface": "down"},
				"west": {"uv": [6, 3, 7, 4], "rotation": 90, "texture": "#all", "cullface": "down"},
				"down": {"uv": [6, 3, 10, 4], "texture": "#all", "cullface": "down"}
			}
		},
		{
			"from": [4, -1, 7],
			"to": [7, 0, 8],
			"rotation": {"angle": 0, "axis": "x", "origin": [8, 8, 8]},
			"faces": {
				"north": {"uv": [7, 8, 4, 9], "texture": "#all", "cullface": "down"},
				"east": {"uv": [6, 8, 7, 9], "rotation": 270, "texture": "#all", "cullface": "down"},
				"south": {"uv": [7, 8, 4, 9], "rotation": 180, "texture": "#all", "cullface": "down"},
				"west": {"uv": [4, 8, 5, 9], "rotation": 90, "texture": "#all", "cullface": "down"},
				"down": {"uv": [4, 8, 7, 9], "texture": "#all", "cullface": "down"}
			}
		},
		{
			"from": [4, -0.5, 8],
			"to": [6, 0, 9],
			"rotation": {"angle": 0, "axis": "x", "origin": [8, 8, 8]},
			"faces": {
				"east": {"uv": [5, 7, 5.5, 8], "rotation": 270, "texture": "#all", "cullface": "down"},
				"south": {"uv": [6, 7, 4, 7.5], "rotation": 180, "texture": "#all", "cullface": "down"},
				"west": {"uv": [4, 7, 4.5, 8], "rotation": 90, "texture": "#all", "cullface": "down"},
				"down": {"uv": [4, 7, 6, 8], "texture": "#all", "cullface": "down"}
			}
		},
		{
			"from": [3, -0.5, 3],
			"to": [5, 0, 4],
			"rotation": {"angle": 0, "axis": "x", "origin": [8, 8, 8]},
			"faces": {
				"north": {"uv": [3, 12, 5, 12.5], "texture": "#all", "cullface": "down"},
				"east": {"uv": [4, 12, 4.5, 13], "rotation": 270, "texture": "#all", "cullface": "down"},
				"south": {"uv": [5, 12, 3, 12.5], "rotation": 180, "texture": "#all", "cullface": "down"},
				"west": {"uv": [3, 12, 3.5, 13], "rotation": 90, "texture": "#all", "cullface": "down"},
				"down": {"uv": [3, 12, 5, 13], "texture": "#all", "cullface": "down"}
			}
		},
		{
			"from": [10, -0.5, 3],
			"to": [12, 0, 4],
			"rotation": {"angle": 0, "axis": "x", "origin": [8, 8, 8]},
			"faces": {
				"north": {"uv": [10, 12, 12, 12.5], "texture": "#all", "cullface": "down"},
				"east": {"uv": [11, 12, 11.5, 13], "rotation": 270, "texture": "#all", "cullface": "down"},
				"south": {"uv": [12, 12, 10, 12.5], "rotation": 180, "texture": "#all", "cullface": "down"},
				"west": {"uv": [10, 12, 10.5, 13], "rotation": 90, "texture": "#all", "cullface": "down"},
				"down": {"uv": [10, 12, 12, 13], "texture": "#all", "cullface": "down"}
			}
		},
		{
			"from": [5, -0.5, 6],
			"to": [6, 0, 7],
			"rotation": {"angle": 0, "axis": "x", "origin": [8, 8, 8]},
			"faces": {
				"north": {"uv": [5, 9, 6, 9.5], "texture": "#all", "cullface": "down"},
				"east": {"uv": [5, 9, 5.5, 10], "rotation": 270, "texture": "#all", "cullface": "down"},
				"west": {"uv": [5, 9, 5.5, 10], "rotation": 90, "texture": "#all", "cullface": "down"},
				"down": {"uv": [5, 9, 6, 10], "texture": "#all", "cullface": "down"}
			}
		},
		{
			"from": [13, -0.5, 5],
			"to": [14, 0, 6],
			"rotation": {"angle": 0, "axis": "x", "origin": [8, 8, 8]},
			"faces": {
				"north": {"uv": [13, 10, 14, 10.5], "texture": "#all", "cullface": "down"},
				"east": {"uv": [13, 10, 13.5, 11], "rotation": 270, "texture": "#all", "cullface": "down"},
				"south": {"uv": [14, 10, 13, 10.5], "rotation": 180, "texture": "#all", "cullface": "down"},
				"west": {"uv": [13, 10, 13.5, 11], "rotation": 90, "texture": "#all", "cullface": "down"},
				"down": {"uv": [13, 10, 14, 11], "texture": "#all", "cullface": "down"}
			}
		},
		{
			"from": [11, -0.5, 2],
			"to": [12, 0, 3],
			"rotation": {"angle": 0, "axis": "x", "origin": [8, 8, 8]},
			"faces": {
				"north": {"uv": [11, 13, 12, 13.5], "texture": "#all", "cullface": "down"},
				"east": {"uv": [11, 13, 11.5, 14], "rotation": 270, "texture": "#all", "cullface": "down"},
				"west": {"uv": [11, 13, 11.5, 14], "rotation": 90, "texture": "#all", "cullface": "down"},
				"down": {"uv": [11, 13, 12, 14], "texture": "#all", "cullface": "down"}
			}
		}
	]
}