{
	"__comment": "Created by _GrandMagus_",
	"parent": "block/block",
	"textures": {
		"particle": "block/composter_side",
		"top": "block/composter_top",
		"bottom": "block/composter_bottom",
		"side": "block/composter_side",
		"inside": "block/composter_bottom"
	},
	"elements": [
		{
			"from": [ 2, 0, 2 ],
			"to": [ 14, 2, 14 ],
			"faces": {
				"down": { "uv": [ 2, 2, 14, 14 ], "texture": "#bottom", "cullface": "down" },
				"up": { "uv": [ 2, 2, 14, 14 ], "texture": "#inside" }
			}
		},
		{
			"from": [ 0, 12, 0 ],
			"to": [ 2, 16, 16 ],
			"faces": {
				"down": { "uv": [ 0, 0, 2, 16 ], "texture": "#bottom" },
				"up": { "uv": [ 0, 0, 2, 16 ], "texture": "#top", "cullface": "up" },
				"north": { "uv": [ 14, 0, 16, 4 ], "texture": "#side", "cullface": "north" },
				"south": { "uv": [ 0, 0, 2, 4 ], "texture": "#side", "cullface": "south" },
				"west": { "uv": [ 0, 0, 16, 4 ], "texture": "#side", "cullface": "west" },
				"east": { "uv": [ 0, 0, 16, 4 ], "texture": "#side" }
			}
		},
		{
			"from": [ 14, 12, 0 ],
			"to": [ 16, 16, 16 ],
			"faces": {
				"down": { "uv": [ 14, 0, 16, 16 ], "texture": "#bottom" },
				"up": { "uv": [ 14, 0, 16, 16 ], "texture": "#top", "cullface": "up" },
				"north": { "uv": [ 0, 0, 2, 4 ], "texture": "#side", "cullface": "north" },
				"south": { "uv": [ 14, 0, 16, 4 ], "texture": "#side", "cullface": "south" },
				"west": { "uv": [ 0, 0, 16, 4 ], "texture": "#side" },
				"east": { "uv": [ 0, 0, 16, 4 ], "texture": "#side", "cullface": "east" }
			}
		},
		{
			"from": [ 2, 12, 0 ],
			"to": [ 14, 16, 2 ],
			"faces": {
				"down": { "uv": [ 2, 14, 14, 16 ], "texture": "#bottom" },
				"up": { "uv": [ 2, 0, 14, 2 ], "texture": "#top", "cullface": "up" },
				"north": { "uv": [ 2, 0, 14, 4 ], "texture": "#side", "cullface": "north" },
				"south": { "uv": [ 2, 0, 14, 4 ], "texture": "#side" }
			}
		},
		{
			"from": [ 2, 12, 14 ],
			"to": [ 14, 16, 16 ],
			"faces": {
				"down": { "uv": [ 2, 0, 14, 2 ], "texture": "#bottom" },
				"up": { "uv": [ 2, 14, 14, 16 ], "texture": "#top", "cullface": "up" },
				"north": { "uv": [ 2, 0, 14, 4 ], "texture": "#side" },
				"south": { "uv": [ 2, 0, 14, 4 ], "texture": "#side", "cullface": "south" }
			}
		},
		{
			"from": [ 2, 0, 0 ],
			"to": [ 14, 3, 2 ],
			"faces": {
				"down": { "uv": [ 2, 14, 14, 16 ], "texture": "#bottom", "cullface": "down" },
				"up": { "uv": [ 2, 0, 14, 2 ], "texture": "#top" },
				"north": { "uv": [ 2, 14, 14, 16 ], "texture": "#side", "cullface": "north" },
				"south": { "uv": [ 2, 14, 14, 16 ], "texture": "#side" }
			}
		},
		{
			"from": [ 2, 4, 0 ],
			"to": [ 14, 7, 2 ],
			"faces": {
				"down": { "uv": [ 2, 14, 14, 16 ], "texture": "#bottom" },
				"up": { "uv": [ 2, 0, 14, 2 ], "texture": "#top" },
				"north": { "uv": [ 2, 9, 14, 12 ], "texture": "#side", "cullface": "north" },
				"south": { "uv": [ 2, 9, 14, 12 ], "texture": "#side" }
			}
		},
		{
			"from": [ 2, 8, 0 ],
			"to": [ 14, 11, 2 ],
			"faces": {
				"down": { "uv": [ 2, 14, 14, 16 ], "texture": "#bottom" },
				"up": { "uv": [ 2, 0, 14, 2 ], "texture": "#top" },
				"north": { "uv": [ 2, 5, 14, 8 ], "texture": "#side", "cullface": "north" },
				"south": { "uv": [ 2, 5, 14, 8 ], "texture": "#side" }
			}
		},
		{
			"from": [ 14, 0, 0 ],
			"to": [ 16, 3, 16 ],
			"faces": {
				"down": { "uv": [ 14, 0, 16, 16 ], "texture": "#bottom", "cullface": "down" },
				"up": { "uv": [ 14, 0, 16, 16 ], "texture": "#top" },
				"north": { "uv": [ 0, 13, 2, 16 ], "texture": "#side", "cullface": "north" },
				"south": { "uv": [ 14, 13, 16, 16 ], "texture": "#side", "cullface": "south" },
				"west": { "uv": [ 0, 13, 16, 16 ], "texture": "#side" },
				"east": { "uv": [ 0, 13, 16, 16 ], "texture": "#side", "cullface": "east" }
			}
		},
		{
			"from": [ 14, 4, 0 ],
			"to": [ 16, 7, 16 ],
			"faces": {
				"down": { "uv": [ 14, 0, 16, 16 ], "texture": "#bottom" },
				"up": { "uv": [ 14, 0, 16, 16 ], "texture": "#top" },
				"north": { "uv": [ 0, 9, 2, 12 ], "texture": "#side", "cullface": "north" },
				"south": { "uv": [ 14, 9, 16, 12 ], "texture": "#side", "cullface": "south" },
				"west": { "uv": [ 0, 9, 16, 12 ], "texture": "#side" },
				"east": { "uv": [ 0, 9, 16, 12 ], "texture": "#side", "cullface": "east" }
			}
		},
		{
			"from": [ 14, 8, 0 ],
			"to": [ 16, 11, 16 ],
			"faces": {
				"down": { "uv": [ 14, 0, 16, 16 ], "texture": "#bottom" },
				"up": { "uv": [ 14, 0, 16, 16 ], "texture": "#top" },
				"north": { "uv": [ 0, 5, 2, 8 ], "texture": "#side", "cullface": "north" },
				"south": { "uv": [ 14, 5, 16, 8 ], "texture": "#side", "cullface": "south" },
				"west": { "uv": [ 0, 5, 16, 8 ], "texture": "#side" },
				"east": { "uv": [ 0, 5, 16, 8 ], "texture": "#side", "cullface": "east" }
			}
		},
		{
			"from": [ 2, 0, 14 ],
			"to": [ 14, 3, 16 ],
			"faces": {
				"down": { "uv": [ 2, 0, 14, 2 ], "texture": "#bottom", "cullface": "down" },
				"up": { "uv": [ 2, 14, 14, 16 ], "texture": "#top" },
				"north": { "uv": [ 2, 13, 14, 16 ], "texture": "#side" },
				"south": { "uv": [ 2, 13, 14, 16 ], "texture": "#side", "cullface": "south" }
			}
		},
		{
			"from": [ 2, 4, 14 ],
			"to": [ 14, 7, 16 ],
			"faces": {
				"down": { "uv": [ 2, 0, 14, 2 ], "texture": "#bottom" },
				"up": { "uv": [ 2, 14, 14, 16 ], "texture": "#top" },
				"north": { "uv": [ 2, 9, 14, 12 ], "texture": "#side" },
				"south": { "uv": [ 2, 9, 14, 12 ], "texture": "#side", "cullface": "south" }
			}
		},
		{
			"from": [ 2, 8, 14 ],
			"to": [ 14, 11, 16 ],
			"faces": {
				"down": { "uv": [ 2, 0, 14, 2 ], "texture": "#bottom" },
				"up": { "uv": [ 2, 14, 14, 16 ], "texture": "#top" },
				"north": { "uv": [ 2, 5, 14, 8 ], "texture": "#side" },
				"south": { "uv": [ 2, 5, 14, 8 ], "texture": "#side", "cullface": "south" }
			}
		},
		{
			"from": [ 14, 3, 14 ],
			"to": [ 16, 12, 16 ],
			"faces": {
				"north": { "uv": [ 0, 4, 2, 13 ], "texture": "#side" },
				"south": { "uv": [ 14, 4, 16, 13 ], "texture": "#side", "cullface": "south" },
				"west": { "uv": [ 14, 4, 16, 13 ], "texture": "#side" },
				"east": { "uv": [ 0, 4, 2, 13 ], "texture": "#side", "cullface": "east" }
			}
		},
		{
			"from": [ 0, 4, 0 ],
			"to": [ 2, 7, 16 ],
			"faces": {
				"down": { "uv": [ 0, 0, 2, 16 ], "texture": "#bottom" },
				"up": { "uv": [ 0, 0, 2, 16 ], "texture": "#top" },
				"north": { "uv": [ 14, 9, 16, 12 ], "texture": "#side", "cullface": "north" },
				"south": { "uv": [ 0, 9, 2, 12 ], "texture": "#side", "cullface": "south" },
				"west": { "uv": [ 0, 9, 16, 12 ], "texture": "#side", "cullface": "west" },
				"east": { "uv": [ 0, 9, 16, 12 ], "texture": "#side" }
			}
		},
		{
			"from": [ 2, 3, 15 ],
			"to": [ 14, 12, 15.001 ],
			"faces": {
				"north": { "uv": [ 2, 4, 14, 13 ], "texture": "#side" }
			}
		},
		{
			"from": [ 0, 0, 0 ],
			"to": [ 2, 3, 16 ],
			"faces": {
				"down": { "uv": [ 0, 0, 2, 16 ], "texture": "#bottom", "cullface": "down" },
				"up": { "uv": [ 0, 0, 2, 16 ], "texture": "#top" },
				"north": { "uv": [ 14, 13, 16, 16 ], "texture": "#side", "cullface": "north" },
				"south": { "uv": [ 0, 13, 2, 16 ], "texture": "#side", "cullface": "south" },
				"west": { "uv": [ 0, 13, 16, 16 ], "texture": "#side", "cullface": "west" },
				"east": { "uv": [ 0, 13, 16, 16 ], "texture": "#side" }
			}
		},
		{
			"from": [ 0, 3, 14 ],
			"to": [ 2, 12, 16 ],
			"faces": {
				"north": { "uv": [ 14, 4, 16, 13 ], "texture": "#side" },
				"south": { "uv": [ 0, 4, 2, 13 ], "texture": "#side", "cullface": "south" },
				"west": { "uv": [ 14, 4, 16, 13 ], "texture": "#side", "cullface": "west" },
				"east": { "uv": [ 0, 4, 2, 13 ], "texture": "#side" }
			}
		},
		{
			"from": [ 0, 3, 0 ],
			"to": [ 2, 12, 2 ],
			"faces": {
				"north": { "uv": [ 14, 4, 16, 13 ], "texture": "#side", "cullface": "north" },
				"south": { "uv": [ 0, 4, 2, 13 ], "texture": "#side" },
				"west": { "uv": [ 0, 4, 2, 13 ], "texture": "#side", "cullface": "west" },
				"east": { "uv": [ 14, 4, 16, 13 ], "texture": "#side" }
			}
		},
		{
			"from": [ 14, 3, 0 ],
			"to": [ 16, 12, 2 ],
			"faces": {
				"north": { "uv": [ 0, 4, 2, 13 ], "texture": "#side", "cullface": "north" },
				"south": { "uv": [ 14, 4, 16, 13 ], "texture": "#side" },
				"west": { "uv": [ 0, 4, 2, 13 ], "texture": "#side" },
				"east": { "uv": [ 14, 4, 16, 13 ], "texture": "#side", "cullface": "east" }
			}
		},
		{
			"from": [ 0, 8, 0 ],
			"to": [ 2, 11, 16 ],
			"faces": {
				"down": { "uv": [ 0, 0, 2, 16 ], "texture": "#bottom" },
				"up": { "uv": [ 0, 0, 2, 16 ], "texture": "#top" },
				"north": { "uv": [ 14, 5, 16, 8 ], "texture": "#side", "cullface": "north" },
				"south": { "uv": [ 0, 5, 2, 8 ], "texture": "#side", "cullface": "south" },
				"west": { "uv": [ 0, 5, 16, 8 ], "texture": "#side", "cullface": "west" },
				"east": { "uv": [ 0, 5, 16, 8 ], "texture": "#side" }
			}
		},
		{
			"from": [ 1, 3, 2 ],
			"to": [ 1.001, 12, 14 ],
			"faces": {
				"east": { "uv": [ 2, 4, 14, 13 ], "texture": "#side" }
			}
		},
		{
			"from": [ 15, 3, 2 ],
			"to": [ 15.001, 12, 14 ],
			"faces": {
				"west": { "uv": [ 2, 4, 14, 13 ], "texture": "#side" }
			}
		},
		{
			"from": [ 2, 3, 1 ],
			"to": [ 14, 12, 1.001 ],
			"faces": {
				"south": { "uv": [ 2, 4, 14, 13 ], "texture": "#side" }
			}
		}
	]
}