{
	"credit": "Made with Blockbench",
	"parent": "minecraft:block/cube_all",
	"textures": {
		"all": "block/copper_ore"
	},
	"elements": [
		{
			"from": [0, 0, 0],
			"to": [16, 16, 16],
			"faces": {
				"north": {"uv": [0, 0, 16, 16], "texture": "#all", "cullface": "north"},
				"east": {"uv": [0, 0, 16, 16], "texture": "#all", "cullface": "east"},
				"south": {"uv": [0, 0, 16, 16], "texture": "#all", "cullface": "south"},
				"west": {"uv": [0, 0, 16, 16], "texture": "#all", "cullface": "west"},
				"up": {"uv": [0, 0, 16, 16], "texture": "#all", "cullface": "up"},
				"down": {"uv": [0, 0, 16, 16], "texture": "#all", "cullface": "down"}
			}
		},
		{
			"from": [9, 10, -1],
			"to": [11, 12, 0],
			"rotation": {"angle": 0, "axis": "y", "origin": [8, 8, 8]},
			"faces": {
				"north": {"uv": [5, 4, 7, 6], "texture": "#all", "cullface": "north"},
				"east": {"uv": [5, 4, 6, 6], "texture": "#all", "cullface": "north"},
				"west": {"uv": [6, 4, 7, 6], "texture": "#all", "cullface": "north"},
				"up": {"uv": [7, 4, 5, 5], "texture": "#all", "cullface": "north"},
				"down": {"uv": [7, 5, 5, 6], "texture": "#all", "cullface": "north"}
			}
		},
		{
			"from": [3, 7, -1],
			"to": [5, 9, 0],
			"rotation": {"angle": 0, "axis": "y", "origin": [8, 8, 8]},
			"faces": {
				"north": {"uv": [11, 7, 13, 9], "texture": "#all", "cullface": "north"},
				"east": {"uv": [11, 7, 12, 9], "texture": "#all", "cullface": "north"},
				"west": {"uv": [12, 7, 13, 9], "texture": "#all", "cullface": "north"},
				"up": {"uv": [13, 7, 11, 8], "texture": "#all", "cullface": "north"},
				"down": {"uv": [13, 8, 11, 9], "texture": "#all", "cullface": "north"}
			}
		},
		{
			"from": [12, 6, -1],
			"to": [14, 7, 0],
			"rotation": {"angle": 0, "axis": "y", "origin": [8, 8, 8]},
			"faces": {
				"north": {"uv": [2, 9, 4, 10], "texture": "#all", "cullface": "north"},
				"east": {"uv": [2, 9, 3, 10], "texture": "#all", "cullface": "north"},
				"west": {"uv": [3, 9, 4, 10], "texture": "#all", "cullface": "north"},
				"up": {"uv": [4, 9, 2, 10], "texture": "#all", "cullface": "north"},
				"down": {"uv": [4, 9, 2, 10], "texture": "#all", "cullface": "north"}
			}
		},
		{
			"from": [7, 3, -1],
			"to": [9, 4, 0],
			"rotation": {"angle": 0, "axis": "y", "origin": [8, 8, 8]},
			"faces": {
				"north": {"uv": [7, 12, 9, 13], "texture": "#all", "cullface": "north"},
				"east": {"uv": [7, 12, 8, 13], "texture": "#all", "cullface": "north"},
				"west": {"uv": [8, 12, 9, 13], "texture": "#all", "cullface": "north"},
				"up": {"uv": [9, 12, 7, 13], "texture": "#all", "cullface": "north"},
				"down": {"uv": [9, 12, 7, 13], "texture": "#all", "cullface": "north"}
			}
		},
		{
			"from": [9, 3, -0.5],
			"to": [10, 4, 0],
			"rotation": {"angle": 0, "axis": "y", "origin": [8, 8, 8]},
			"faces": {
				"north": {"uv": [6, 12, 7, 13], "texture": "#all", "cullface": "north"},
				"east": {"uv": [6, 12, 6.5, 13], "texture": "#all", "cullface": "north"},
				"up": {"uv": [7, 12, 6, 12.5], "texture": "#all", "cullface": "north"},
				"down": {"uv": [7, 12, 6, 12.5], "texture": "#all", "cullface": "north"}
			}
		},
		{
			"from": [11, 6, -0.5],
			"to": [12, 7, 0],
			"rotation": {"angle": 0, "axis": "y", "origin": [8, 8, 8]},
			"faces": {
				"north": {"uv": [4, 9, 5, 10], "texture": "#all", "cullface": "north"},
				"west": {"uv": [4, 9, 4.5, 10], "texture": "#all", "cullface": "north"},
				"up": {"uv": [5, 9, 4, 9.5], "texture": "#all", "cullface": "north"},
				"down": {"uv": [5, 9, 4, 9.5], "texture": "#all", "cullface": "north"}
			}
		},
		{
			"from": [11, 10, -0.5],
			"to": [12, 11, 0],
			"rotation": {"angle": 0, "axis": "y", "origin": [8, 8, 8]},
			"faces": {
				"north": {"uv": [4, 5, 5, 6], "texture": "#all", "cullface": "north"},
				"east": {"uv": [4, 5, 4.5, 6], "texture": "#all", "cullface": "north"},
				"up": {"uv": [5, 5, 4, 5.5], "texture": "#all", "cullface": "north"},
				"down": {"uv": [5, 5, 4, 5.5], "texture": "#all", "cullface": "north"}
			}
		},
		{
			"from": [8, 11, -0.5],
			"to": [9, 12, 0],
			"rotation": {"angle": 0, "axis": "y", "origin": [8, 8, 8]},
			"faces": {
				"north": {"uv": [7, 4, 8, 5], "texture": "#all", "cullface": "north"},
				"west": {"uv": [7, 4, 7.5, 5], "texture": "#all", "cullface": "north"},
				"up": {"uv": [8, 4, 7, 4.5], "texture": "#all", "cullface": "north"},
				"down": {"uv": [8, 4, 7, 4.5], "texture": "#all", "cullface": "north"}
			}
		},
		{
			"from": [5, 8, -0.5],
			"to": [6, 9, 0],
			"rotation": {"angle": 0, "axis": "y", "origin": [8, 8, 8]},
			"faces": {
				"north": {"uv": [10, 7, 11, 8], "texture": "#all", "cullface": "north"},
				"east": {"uv": [10, 7, 10.5, 8], "texture": "#all", "cullface": "north"},
				"up": {"uv": [11, 7, 10, 7.5], "texture": "#all", "cullface": "north"},
				"down": {"uv": [11, 7, 10, 7.5], "texture": "#all", "cullface": "north"}
			}
		},
		{
			"from": [4, 13, -0.5],
			"to": [5, 14, 0],
			"rotation": {"angle": 0, "axis": "y", "origin": [8, 8, 8]},
			"faces": {
				"north": {"uv": [11, 2, 12, 3], "texture": "#all", "cullface": "north"},
				"east": {"uv": [11, 2, 11.5, 3], "texture": "#all", "cullface": "north"},
				"west": {"uv": [11, 2, 11.5, 3], "texture": "#all", "cullface": "north"},
				"up": {"uv": [12, 2, 11, 2.5], "texture": "#all", "cullface": "north"},
				"down": {"uv": [12, 2, 11, 2.5], "texture": "#all", "cullface": "north"}
			}
		},
		{
			"from": [8, 2, -0.5],
			"to": [9, 3, 0],
			"rotation": {"angle": 0, "axis": "y", "origin": [8, 8, 8]},
			"faces": {
				"north": {"uv": [7, 13, 8, 14], "texture": "#all", "cullface": "north"},
				"east": {"uv": [7, 13, 7.5, 14], "texture": "#all", "cullface": "north"},
				"west": {"uv": [7, 13, 7.5, 14], "texture": "#all", "cullface": "north"},
				"down": {"uv": [8, 13, 7, 13.5], "texture": "#all", "cullface": "north"}
			}
		},
		{
			"from": [2, 7, -0.5],
			"to": [3, 9, 0],
			"rotation": {"angle": 0, "axis": "y", "origin": [8, 8, 8]},
			"faces": {
				"north": {"uv": [13, 7, 14, 9], "texture": "#all", "cullface": "north"},
				"west": {"uv": [13, 7, 13.5, 9], "texture": "#all", "cullface": "north"},
				"up": {"uv": [14, 7, 13, 7.5], "texture": "#all", "cullface": "north"},
				"down": {"uv": [14, 8, 13, 8.5], "texture": "#all", "cullface": "north"}
			}
		},
		{
			"from": [16, 7, 2],
			"to": [16.5, 9, 3],
			"rotation": {"angle": 0, "axis": "y", "origin": [8, 8, 8]},
			"faces": {
				"north": {"uv": [13, 7, 13.5, 9], "texture": "#all", "cullface": "east"},
				"east": {"uv": [13, 7, 14, 9], "texture": "#all", "cullface": "east"},
				"up": {"uv": [14, 7, 13, 7.5], "rotation": 90, "texture": "#all", "cullface": "east"},
				"down": {"uv": [14, 8, 13, 8.5], "rotation": 270, "texture": "#all", "cullface": "east"}
			}
		},
		{
			"from": [16, 10, 9],
			"to": [17, 12, 11],
			"rotation": {"angle": 0, "axis": "y", "origin": [8, 8, 8]},
			"faces": {
				"north": {"uv": [6, 4, 7, 6], "texture": "#all", "cullface": "east"},
				"east": {"uv": [5, 4, 7, 6], "texture": "#all", "cullface": "east"},
				"south": {"uv": [5, 4, 6, 6], "texture": "#all", "cullface": "east"},
				"up": {"uv": [7, 4, 5, 5], "rotation": 90, "texture": "#all", "cullface": "east"},
				"down": {"uv": [7, 5, 5, 6], "rotation": 270, "texture": "#all", "cullface": "east"}
			}
		},
		{
			"from": [16, 7, 3],
			"to": [17, 9, 5],
			"rotation": {"angle": 0, "axis": "y", "origin": [8, 8, 8]},
			"faces": {
				"north": {"uv": [12, 7, 13, 9], "texture": "#all", "cullface": "east"},
				"east": {"uv": [11, 7, 13, 9], "texture": "#all", "cullface": "east"},
				"south": {"uv": [11, 7, 12, 9], "texture": "#all", "cullface": "east"},
				"up": {"uv": [13, 7, 11, 8], "rotation": 90, "texture": "#all", "cullface": "east"},
				"down": {"uv": [13, 8, 11, 9], "rotation": 270, "texture": "#all", "cullface": "east"}
			}
		},
		{
			"from": [16, 6, 12],
			"to": [17, 7, 14],
			"rotation": {"angle": 0, "axis": "y", "origin": [8, 8, 8]},
			"faces": {
				"north": {"uv": [3, 9, 4, 10], "texture": "#all", "cullface": "east"},
				"east": {"uv": [2, 9, 4, 10], "texture": "#all", "cullface": "east"},
				"south": {"uv": [2, 9, 3, 10], "texture": "#all", "cullface": "east"},
				"up": {"uv": [4, 9, 2, 10], "rotation": 90, "texture": "#all", "cullface": "east"},
				"down": {"uv": [4, 9, 2, 10], "rotation": 270, "texture": "#all", "cullface": "east"}
			}
		},
		{
			"from": [16, 3, 7],
			"to": [17, 4, 9],
			"rotation": {"angle": 0, "axis": "y", "origin": [8, 8, 8]},
			"faces": {
				"north": {"uv": [8, 12, 9, 13], "texture": "#all", "cullface": "east"},
				"east": {"uv": [7, 12, 9, 13], "texture": "#all", "cullface": "east"},
				"south": {"uv": [7, 12, 8, 13], "texture": "#all", "cullface": "east"},
				"up": {"uv": [9, 12, 7, 13], "rotation": 90, "texture": "#all", "cullface": "east"},
				"down": {"uv": [9, 12, 7, 13], "rotation": 270, "texture": "#all", "cullface": "east"}
			}
		},
		{
			"from": [16, 3, 9],
			"to": [16.5, 4, 10],
			"rotation": {"angle": 0, "axis": "y", "origin": [8, 8, 8]},
			"faces": {
				"east": {"uv": [6, 12, 7, 13], "texture": "#all", "cullface": "east"},
				"south": {"uv": [6, 12, 6.5, 13], "texture": "#all", "cullface": "east"},
				"up": {"uv": [7, 12, 6, 12.5], "rotation": 90, "texture": "#all", "cullface": "east"},
				"down": {"uv": [7, 12, 6, 12.5], "rotation": 270, "texture": "#all", "cullface": "east"}
			}
		},
		{
			"from": [16, 6, 11],
			"to": [16.5, 7, 12],
			"rotation": {"angle": 0, "axis": "y", "origin": [8, 8, 8]},
			"faces": {
				"north": {"uv": [4, 9, 4.5, 10], "texture": "#all", "cullface": "east"},
				"east": {"uv": [4, 9, 5, 10], "texture": "#all", "cullface": "east"},
				"up": {"uv": [5, 9, 4, 9.5], "rotation": 90, "texture": "#all", "cullface": "east"},
				"down": {"uv": [5, 9, 4, 9.5], "rotation": 270, "texture": "#all", "cullface": "east"}
			}
		},
		{
			"from": [16, 10, 11],
			"to": [16.5, 11, 12],
			"rotation": {"angle": 0, "axis": "y", "origin": [8, 8, 8]},
			"faces": {
				"east": {"uv": [4, 5, 5, 6], "texture": "#all", "cullface": "east"},
				"south": {"uv": [4, 5, 4.5, 6], "texture": "#all", "cullface": "east"},
				"up": {"uv": [5, 5, 4, 5.5], "rotation": 90, "texture": "#all", "cullface": "east"},
				"down": {"uv": [5, 5, 4, 5.5], "rotation": 270, "texture": "#all", "cullface": "east"}
			}
		},
		{
			"from": [16, 11, 8],
			"to": [16.5, 12, 9],
			"rotation": {"angle": 0, "axis": "y", "origin": [8, 8, 8]},
			"faces": {
				"north": {"uv": [7, 4, 7.5, 5], "texture": "#all", "cullface": "east"},
				"east": {"uv": [7, 4, 8, 5], "texture": "#all", "cullface": "east"},
				"up": {"uv": [8, 4, 7, 4.5], "rotation": 90, "texture": "#all", "cullface": "east"},
				"down": {"uv": [8, 4, 7, 4.5], "rotation": 270, "texture": "#all", "cullface": "east"}
			}
		},
		{
			"from": [16, 8, 5],
			"to": [16.5, 9, 6],
			"rotation": {"angle": 0, "axis": "y", "origin": [8, 8, 8]},
			"faces": {
				"east": {"uv": [10, 7, 11, 8], "texture": "#all", "cullface": "east"},
				"south": {"uv": [10, 7, 10.5, 8], "texture": "#all", "cullface": "east"},
				"up": {"uv": [11, 7, 10, 7.5], "rotation": 90, "texture": "#all", "cullface": "east"},
				"down": {"uv": [11, 7, 10, 7.5], "rotation": 270, "texture": "#all", "cullface": "east"}
			}
		},
		{
			"from": [16, 13, 4],
			"to": [16.5, 14, 5],
			"rotation": {"angle": 0, "axis": "y", "origin": [8, 8, 8]},
			"faces": {
				"north": {"uv": [11, 2, 11.5, 3], "texture": "#all", "cullface": "east"},
				"east": {"uv": [11, 2, 12, 3], "texture": "#all", "cullface": "east"},
				"south": {"uv": [11, 2, 11.5, 3], "texture": "#all", "cullface": "east"},
				"up": {"uv": [12, 2, 11, 2.5], "rotation": 90, "texture": "#all", "cullface": "east"},
				"down": {"uv": [12, 2, 11, 2.5], "rotation": 270, "texture": "#all", "cullface": "east"}
			}
		},
		{
			"from": [16, 2, 8],
			"to": [16.5, 3, 9],
			"rotation": {"angle": 0, "axis": "y", "origin": [8, 8, 8]},
			"faces": {
				"north": {"uv": [7, 13, 7.5, 14], "texture": "#all", "cullface": "east"},
				"east": {"uv": [7, 13, 8, 14], "texture": "#all", "cullface": "east"},
				"south": {"uv": [7, 13, 7.5, 14], "texture": "#all", "cullface": "east"},
				"down": {"uv": [8, 13, 7, 13.5], "rotation": 270, "texture": "#all", "cullface": "east"}
			}
		},
		{
			"from": [13, 7, 16],
			"to": [14, 9, 16.5],
			"rotation": {"angle": 0, "axis": "y", "origin": [8, 8, 8]},
			"faces": {
				"east": {"uv": [13, 7, 13.5, 9], "texture": "#all", "cullface": "south"},
				"south": {"uv": [13, 7, 14, 9], "texture": "#all", "cullface": "south"},
				"up": {"uv": [14, 7, 13, 7.5], "rotation": 180, "texture": "#all", "cullface": "south"},
				"down": {"uv": [14, 8, 13, 8.5], "rotation": 180, "texture": "#all", "cullface": "south"}
			}
		},
		{
			"from": [5, 10, 16],
			"to": [7, 12, 17],
			"rotation": {"angle": 0, "axis": "y", "origin": [8, 8, 8]},
			"faces": {
				"east": {"uv": [6, 4, 7, 6], "texture": "#all", "cullface": "south"},
				"south": {"uv": [5, 4, 7, 6], "texture": "#all", "cullface": "south"},
				"west": {"uv": [5, 4, 6, 6], "texture": "#all", "cullface": "south"},
				"up": {"uv": [7, 4, 5, 5], "rotation": 180, "texture": "#all", "cullface": "south"},
				"down": {"uv": [7, 5, 5, 6], "rotation": 180, "texture": "#all", "cullface": "south"}
			}
		},
		{
			"from": [11, 7, 16],
			"to": [13, 9, 17],
			"rotation": {"angle": 0, "axis": "y", "origin": [8, 8, 8]},
			"faces": {
				"east": {"uv": [12, 7, 13, 9], "texture": "#all", "cullface": "south"},
				"south": {"uv": [11, 7, 13, 9], "texture": "#all", "cullface": "south"},
				"west": {"uv": [11, 7, 12, 9], "texture": "#all", "cullface": "south"},
				"up": {"uv": [13, 7, 11, 8], "rotation": 180, "texture": "#all", "cullface": "south"},
				"down": {"uv": [13, 8, 11, 9], "rotation": 180, "texture": "#all", "cullface": "south"}
			}
		},
		{
			"from": [2, 6, 16],
			"to": [4, 7, 17],
			"rotation": {"angle": 0, "axis": "y", "origin": [8, 8, 8]},
			"faces": {
				"east": {"uv": [3, 9, 4, 10], "texture": "#all", "cullface": "south"},
				"south": {"uv": [2, 9, 4, 10], "texture": "#all", "cullface": "south"},
				"west": {"uv": [2, 9, 3, 10], "texture": "#all", "cullface": "south"},
				"up": {"uv": [4, 9, 2, 10], "rotation": 180, "texture": "#all", "cullface": "south"},
				"down": {"uv": [4, 9, 2, 10], "rotation": 180, "texture": "#all", "cullface": "south"}
			}
		},
		{
			"from": [7, 3, 16],
			"to": [9, 4, 17],
			"rotation": {"angle": 0, "axis": "y", "origin": [8, 8, 8]},
			"faces": {
				"east": {"uv": [8, 12, 9, 13], "texture": "#all", "cullface": "south"},
				"south": {"uv": [7, 12, 9, 13], "texture": "#all", "cullface": "south"},
				"west": {"uv": [7, 12, 8, 13], "texture": "#all", "cullface": "south"},
				"up": {"uv": [9, 12, 7, 13], "rotation": 180, "texture": "#all", "cullface": "south"},
				"down": {"uv": [9, 12, 7, 13], "rotation": 180, "texture": "#all", "cullface": "south"}
			}
		},
		{
			"from": [6, 3, 16],
			"to": [7, 4, 16.5],
			"rotation": {"angle": 0, "axis": "y", "origin": [8, 8, 8]},
			"faces": {
				"south": {"uv": [6, 12, 7, 13], "texture": "#all", "cullface": "south"},
				"west": {"uv": [6, 12, 6.5, 13], "texture": "#all", "cullface": "south"},
				"up": {"uv": [7, 12, 6, 12.5], "rotation": 180, "texture": "#all", "cullface": "south"},
				"down": {"uv": [7, 12, 6, 12.5], "rotation": 180, "texture": "#all", "cullface": "south"}
			}
		},
		{
			"from": [4, 6, 16],
			"to": [5, 7, 16.5],
			"rotation": {"angle": 0, "axis": "y", "origin": [8, 8, 8]},
			"faces": {
				"east": {"uv": [4, 9, 4.5, 10], "texture": "#all", "cullface": "south"},
				"south": {"uv": [4, 9, 5, 10], "texture": "#all", "cullface": "south"},
				"up": {"uv": [5, 9, 4, 9.5], "rotation": 180, "texture": "#all", "cullface": "south"},
				"down": {"uv": [5, 9, 4, 9.5], "rotation": 180, "texture": "#all", "cullface": "south"}
			}
		},
		{
			"from": [4, 10, 16],
			"to": [5, 11, 16.5],
			"rotation": {"angle": 0, "axis": "y", "origin": [8, 8, 8]},
			"faces": {
				"south": {"uv": [4, 5, 5, 6], "texture": "#all", "cullface": "south"},
				"west": {"uv": [4, 5, 4.5, 6], "texture": "#all", "cullface": "south"},
				"up": {"uv": [5, 5, 4, 5.5], "rotation": 180, "texture": "#all", "cullface": "south"},
				"down": {"uv": [5, 5, 4, 5.5], "rotation": 180, "texture": "#all", "cullface": "south"}
			}
		},
		{
			"from": [7, 11, 16],
			"to": [8, 12, 16.5],
			"rotation": {"angle": 0, "axis": "y", "origin": [8, 8, 8]},
			"faces": {
				"east": {"uv": [7, 4, 7.5, 5], "texture": "#all", "cullface": "south"},
				"south": {"uv": [7, 4, 8, 5], "texture": "#all", "cullface": "south"},
				"up": {"uv": [8, 4, 7, 4.5], "rotation": 180, "texture": "#all", "cullface": "south"},
				"down": {"uv": [8, 4, 7, 4.5], "rotation": 180, "texture": "#all", "cullface": "south"}
			}
		},
		{
			"from": [10, 8, 16],
			"to": [11, 9, 16.5],
			"rotation": {"angle": 0, "axis": "y", "origin": [8, 8, 8]},
			"faces": {
				"south": {"uv": [10, 7, 11, 8], "texture": "#all", "cullface": "south"},
				"west": {"uv": [10, 7, 10.5, 8], "texture": "#all", "cullface": "south"},
				"up": {"uv": [11, 7, 10, 7.5], "rotation": 180, "texture": "#all", "cullface": "south"},
				"down": {"uv": [11, 7, 10, 7.5], "rotation": 180, "texture": "#all", "cullface": "south"}
			}
		},
		{
			"from": [11, 13, 16],
			"to": [12, 14, 16.5],
			"rotation": {"angle": 0, "axis": "y", "origin": [8, 8, 8]},
			"faces": {
				"east": {"uv": [11, 2, 11.5, 3], "texture": "#all", "cullface": "south"},
				"south": {"uv": [11, 2, 12, 3], "texture": "#all", "cullface": "south"},
				"west": {"uv": [11, 2, 11.5, 3], "texture": "#all", "cullface": "south"},
				"up": {"uv": [12, 2, 11, 2.5], "rotation": 180, "texture": "#all", "cullface": "south"},
				"down": {"uv": [12, 2, 11, 2.5], "rotation": 180, "texture": "#all", "cullface": "south"}
			}
		},
		{
			"from": [7, 2, 16],
			"to": [8, 3, 16.5],
			"rotation": {"angle": 0, "axis": "y", "origin": [8, 8, 8]},
			"faces": {
				"east": {"uv": [7, 13, 7.5, 14], "texture": "#all", "cullface": "south"},
				"south": {"uv": [7, 13, 8, 14], "texture": "#all", "cullface": "south"},
				"west": {"uv": [7, 13, 7.5, 14], "texture": "#all", "cullface": "south"},
				"down": {"uv": [8, 13, 7, 13.5], "rotation": 180, "texture": "#all", "cullface": "south"}
			}
		},
		{
			"from": [-0.5, 7, 13],
			"to": [0, 9, 14],
			"rotation": {"angle": 0, "axis": "y", "origin": [8, 8, 8]},
			"faces": {
				"south": {"uv": [13, 7, 13.5, 9], "texture": "#all", "cullface": "west"},
				"west": {"uv": [13, 7, 14, 9], "texture": "#all", "cullface": "west"},
				"up": {"uv": [14, 7, 13, 7.5], "rotation": 270, "texture": "#all", "cullface": "west"},
				"down": {"uv": [14, 8, 13, 8.5], "rotation": 90, "texture": "#all", "cullface": "west"}
			}
		},
		{
			"from": [-1, 10, 5],
			"to": [0, 12, 7],
			"rotation": {"angle": 0, "axis": "y", "origin": [8, 8, 8]},
			"faces": {
				"north": {"uv": [5, 4, 6, 6], "texture": "#all", "cullface": "west"},
				"south": {"uv": [6, 4, 7, 6], "texture": "#all", "cullface": "west"},
				"west": {"uv": [5, 4, 7, 6], "texture": "#all", "cullface": "west"},
				"up": {"uv": [7, 4, 5, 5], "rotation": 270, "texture": "#all", "cullface": "west"},
				"down": {"uv": [7, 5, 5, 6], "rotation": 90, "texture": "#all", "cullface": "west"}
			}
		},
		{
			"from": [-1, 7, 11],
			"to": [0, 9, 13],
			"rotation": {"angle": 0, "axis": "y", "origin": [8, 8, 8]},
			"faces": {
				"north": {"uv": [11, 7, 12, 9], "texture": "#all", "cullface": "west"},
				"south": {"uv": [12, 7, 13, 9], "texture": "#all", "cullface": "west"},
				"west": {"uv": [11, 7, 13, 9], "texture": "#all", "cullface": "west"},
				"up": {"uv": [13, 7, 11, 8], "rotation": 270, "texture": "#all", "cullface": "west"},
				"down": {"uv": [13, 8, 11, 9], "rotation": 90, "texture": "#all", "cullface": "west"}
			}
		},
		{
			"from": [-1, 6, 2],
			"to": [0, 7, 4],
			"rotation": {"angle": 0, "axis": "y", "origin": [8, 8, 8]},
			"faces": {
				"north": {"uv": [2, 9, 3, 10], "texture": "#all", "cullface": "west"},
				"south": {"uv": [3, 9, 4, 10], "texture": "#all", "cullface": "west"},
				"west": {"uv": [2, 9, 4, 10], "texture": "#all", "cullface": "west"},
				"up": {"uv": [4, 9, 2, 10], "rotation": 270, "texture": "#all", "cullface": "west"},
				"down": {"uv": [4, 9, 2, 10], "rotation": 90, "texture": "#all", "cullface": "west"}
			}
		},
		{
			"from": [-1, 3, 7],
			"to": [0, 4, 9],
			"rotation": {"angle": 0, "axis": "y", "origin": [8, 8, 8]},
			"faces": {
				"north": {"uv": [7, 12, 8, 13], "texture": "#all", "cullface": "west"},
				"south": {"uv": [8, 12, 9, 13], "texture": "#all", "cullface": "west"},
				"west": {"uv": [7, 12, 9, 13], "texture": "#all", "cullface": "west"},
				"up": {"uv": [9, 12, 7, 13], "rotation": 270, "texture": "#all", "cullface": "west"},
				"down": {"uv": [9, 12, 7, 13], "rotation": 90, "texture": "#all", "cullface": "west"}
			}
		},
		{
			"from": [-0.5, 3, 6],
			"to": [0, 4, 7],
			"rotation": {"angle": 0, "axis": "y", "origin": [8, 8, 8]},
			"faces": {
				"north": {"uv": [6, 12, 6.5, 13], "texture": "#all", "cullface": "west"},
				"west": {"uv": [6, 12, 7, 13], "texture": "#all", "cullface": "west"},
				"up": {"uv": [7, 12, 6, 12.5], "rotation": 270, "texture": "#all", "cullface": "west"},
				"down": {"uv": [7, 12, 6, 12.5], "rotation": 90, "texture": "#all", "cullface": "west"}
			}
		},
		{
			"from": [-0.5, 6, 4],
			"to": [0, 7, 5],
			"rotation": {"angle": 0, "axis": "y", "origin": [8, 8, 8]},
			"faces": {
				"south": {"uv": [4, 9, 4.5, 10], "texture": "#all", "cullface": "west"},
				"west": {"uv": [4, 9, 5, 10], "texture": "#all", "cullface": "west"},
				"up": {"uv": [5, 9, 4, 9.5], "rotation": 270, "texture": "#all", "cullface": "west"},
				"down": {"uv": [5, 9, 4, 9.5], "rotation": 90, "texture": "#all", "cullface": "west"}
			}
		},
		{
			"from": [-0.5, 10, 4],
			"to": [0, 11, 5],
			"rotation": {"angle": 0, "axis": "y", "origin": [8, 8, 8]},
			"faces": {
				"north": {"uv": [4, 5, 4.5, 6], "texture": "#all", "cullface": "west"},
				"west": {"uv": [4, 5, 5, 6], "texture": "#all", "cullface": "west"},
				"up": {"uv": [5, 5, 4, 5.5], "rotation": 270, "texture": "#all", "cullface": "west"},
				"down": {"uv": [5, 5, 4, 5.5], "rotation": 90, "texture": "#all", "cullface": "west"}
			}
		},
		{
			"from": [-0.5, 11, 7],
			"to": [0, 12, 8],
			"rotation": {"angle": 0, "axis": "y", "origin": [8, 8, 8]},
			"faces": {
				"south": {"uv": [7, 4, 7.5, 5], "texture": "#all", "cullface": "west"},
				"west": {"uv": [7, 4, 8, 5], "texture": "#all", "cullface": "west"},
				"up": {"uv": [8, 4, 7, 4.5], "rotation": 270, "texture": "#all", "cullface": "west"},
				"down": {"uv": [8, 4, 7, 4.5], "rotation": 90, "texture": "#all", "cullface": "west"}
			}
		},
		{
			"from": [-0.5, 8, 10],
			"to": [0, 9, 11],
			"rotation": {"angle": 0, "axis": "y", "origin": [8, 8, 8]},
			"faces": {
				"north": {"uv": [10, 7, 10.5, 8], "texture": "#all", "cullface": "west"},
				"west": {"uv": [10, 7, 11, 8], "texture": "#all", "cullface": "west"},
				"up": {"uv": [11, 7, 10, 7.5], "rotation": 270, "texture": "#all", "cullface": "west"},
				"down": {"uv": [11, 7, 10, 7.5], "rotation": 90, "texture": "#all", "cullface": "west"}
			}
		},
		{
			"from": [-0.5, 13, 11],
			"to": [0, 14, 12],
			"rotation": {"angle": 0, "axis": "y", "origin": [8, 8, 8]},
			"faces": {
				"north": {"uv": [11, 2, 11.5, 3], "texture": "#all", "cullface": "west"},
				"south": {"uv": [11, 2, 11.5, 3], "texture": "#all", "cullface": "west"},
				"west": {"uv": [11, 2, 12, 3], "texture": "#all", "cullface": "west"},
				"up": {"uv": [12, 2, 11, 2.5], "rotation": 270, "texture": "#all", "cullface": "west"},
				"down": {"uv": [12, 2, 11, 2.5], "rotation": 90, "texture": "#all", "cullface": "west"}
			}
		},
		{
			"from": [-0.5, 2, 7],
			"to": [0, 3, 8],
			"rotation": {"angle": 0, "axis": "y", "origin": [8, 8, 8]},
			"faces": {
				"north": {"uv": [7, 13, 7.5, 14], "texture": "#all", "cullface": "west"},
				"south": {"uv": [7, 13, 7.5, 14], "texture": "#all", "cullface": "west"},
				"west": {"uv": [7, 13, 8, 14], "texture": "#all", "cullface": "west"},
				"down": {"uv": [8, 13, 7, 13.5], "rotation": 90, "texture": "#all", "cullface": "west"}
			}
		},
		{
			"from": [13, 16, 7],
			"to": [14, 16.5, 9],
			"rotation": {"angle": 0, "axis": "y", "origin": [8, 8, 8]},
			"faces": {
				"north": {"uv": [14, 7, 13, 7.5], "texture": "#all", "cullface": "west"},
				"east": {"uv": [13, 7, 13.5, 9], "rotation": 90, "texture": "#all", "cullface": "west"},
				"south": {"uv": [14, 8, 13, 8.5], "rotation": 180, "texture": "#all", "cullface": "west"},
				"up": {"uv": [13, 7, 14, 9], "texture": "#all", "cullface": "west"}
			}
		},
		{
			"from": [5, 16, 4],
			"to": [7, 17, 6],
			"rotation": {"angle": 0, "axis": "y", "origin": [8, 8, 8]},
			"faces": {
				"north": {"uv": [7, 4, 5, 5], "texture": "#all", "cullface": "west"},
				"east": {"uv": [6, 4, 7, 6], "rotation": 90, "texture": "#all", "cullface": "west"},
				"south": {"uv": [7, 5, 5, 6], "rotation": 180, "texture": "#all", "cullface": "west"},
				"west": {"uv": [5, 4, 6, 6], "rotation": 270, "texture": "#all", "cullface": "west"},
				"up": {"uv": [5, 4, 7, 6], "texture": "#all", "cullface": "west"}
			}
		},
		{
			"from": [11, 16, 7],
			"to": [13, 17, 9],
			"rotation": {"angle": 0, "axis": "y", "origin": [8, 8, 8]},
			"faces": {
				"north": {"uv": [13, 7, 11, 8], "texture": "#all", "cullface": "west"},
				"east": {"uv": [12, 7, 13, 9], "rotation": 90, "texture": "#all", "cullface": "west"},
				"south": {"uv": [13, 8, 11, 9], "rotation": 180, "texture": "#all", "cullface": "west"},
				"west": {"uv": [11, 7, 12, 9], "rotation": 270, "texture": "#all", "cullface": "west"},
				"up": {"uv": [11, 7, 13, 9], "texture": "#all", "cullface": "west"}
			}
		},
		{
			"from": [2, 16, 9],
			"to": [4, 17, 10],
			"rotation": {"angle": 0, "axis": "y", "origin": [8, 8, 8]},
			"faces": {
				"north": {"uv": [4, 9, 2, 10], "texture": "#all", "cullface": "west"},
				"east": {"uv": [3, 9, 4, 10], "rotation": 90, "texture": "#all", "cullface": "west"},
				"south": {"uv": [4, 9, 2, 10], "rotation": 180, "texture": "#all", "cullface": "west"},
				"west": {"uv": [2, 9, 3, 10], "rotation": 270, "texture": "#all", "cullface": "west"},
				"up": {"uv": [2, 9, 4, 10], "texture": "#all", "cullface": "west"}
			}
		},
		{
			"from": [7, 16, 12],
			"to": [9, 17, 13],
			"rotation": {"angle": 0, "axis": "y", "origin": [8, 8, 8]},
			"faces": {
				"north": {"uv": [9, 12, 7, 13], "texture": "#all", "cullface": "west"},
				"east": {"uv": [8, 12, 9, 13], "rotation": 90, "texture": "#all", "cullface": "west"},
				"south": {"uv": [9, 12, 7, 13], "rotation": 180, "texture": "#all", "cullface": "west"},
				"west": {"uv": [7, 12, 8, 13], "rotation": 270, "texture": "#all", "cullface": "west"},
				"up": {"uv": [7, 12, 9, 13], "texture": "#all", "cullface": "west"}
			}
		},
		{
			"from": [6, 16, 12],
			"to": [7, 16.5, 13],
			"rotation": {"angle": 0, "axis": "y", "origin": [8, 8, 8]},
			"faces": {
				"north": {"uv": [7, 12, 6, 12.5], "texture": "#all", "cullface": "west"},
				"south": {"uv": [7, 12, 6, 12.5], "rotation": 180, "texture": "#all", "cullface": "west"},
				"west": {"uv": [6, 12, 6.5, 13], "rotation": 270, "texture": "#all", "cullface": "west"},
				"up": {"uv": [6, 12, 7, 13], "texture": "#all", "cullface": "west"}
			}
		},
		{
			"from": [4, 16, 9],
			"to": [5, 16.5, 10],
			"rotation": {"angle": 0, "axis": "y", "origin": [8, 8, 8]},
			"faces": {
				"north": {"uv": [5, 9, 4, 9.5], "texture": "#all", "cullface": "west"},
				"east": {"uv": [4, 9, 4.5, 10], "rotation": 90, "texture": "#all", "cullface": "west"},
				"south": {"uv": [5, 9, 4, 9.5], "rotation": 180, "texture": "#all", "cullface": "west"},
				"up": {"uv": [4, 9, 5, 10], "texture": "#all", "cullface": "west"}
			}
		},
		{
			"from": [4, 16, 5],
			"to": [5, 16.5, 6],
			"rotation": {"angle": 0, "axis": "y", "origin": [8, 8, 8]},
			"faces": {
				"north": {"uv": [5, 5, 4, 5.5], "texture": "#all", "cullface": "west"},
				"south": {"uv": [5, 5, 4, 5.5], "rotation": 180, "texture": "#all", "cullface": "west"},
				"west": {"uv": [4, 5, 4.5, 6], "rotation": 270, "texture": "#all", "cullface": "west"},
				"up": {"uv": [4, 5, 5, 6], "texture": "#all", "cullface": "west"}
			}
		},
		{
			"from": [7, 16, 4],
			"to": [8, 16.5, 5],
			"rotation": {"angle": 0, "axis": "y", "origin": [8, 8, 8]},
			"faces": {
				"north": {"uv": [8, 4, 7, 4.5], "texture": "#all", "cullface": "west"},
				"east": {"uv": [7, 4, 7.5, 5], "rotation": 90, "texture": "#all", "cullface": "west"},
				"south": {"uv": [8, 4, 7, 4.5], "rotation": 180, "texture": "#all", "cullface": "west"},
				"up": {"uv": [7, 4, 8, 5], "texture": "#all", "cullface": "west"}
			}
		},
		{
			"from": [10, 16, 7],
			"to": [11, 16.5, 8],
			"rotation": {"angle": 0, "axis": "y", "origin": [8, 8, 8]},
			"faces": {
				"north": {"uv": [11, 7, 10, 7.5], "texture": "#all", "cullface": "west"},
				"south": {"uv": [11, 7, 10, 7.5], "rotation": 180, "texture": "#all", "cullface": "west"},
				"west": {"uv": [10, 7, 10.5, 8], "rotation": 270, "texture": "#all", "cullface": "west"},
				"up": {"uv": [10, 7, 11, 8], "texture": "#all", "cullface": "west"}
			}
		},
		{
			"from": [11, 16, 2],
			"to": [12, 16.5, 3],
			"rotation": {"angle": 0, "axis": "y", "origin": [8, 8, 8]},
			"faces": {
				"north": {"uv": [12, 2, 11, 2.5], "texture": "#all", "cullface": "west"},
				"east": {"uv": [11, 2, 11.5, 3], "rotation": 90, "texture": "#all", "cullface": "west"},
				"south": {"uv": [12, 2, 11, 2.5], "rotation": 180, "texture": "#all", "cullface": "west"},
				"west": {"uv": [11, 2, 11.5, 3], "rotation": 270, "texture": "#all", "cullface": "west"},
				"up": {"uv": [11, 2, 12, 3], "texture": "#all", "cullface": "west"}
			}
		},
		{
			"from": [7, 16, 13],
			"to": [8, 16.5, 14],
			"rotation": {"angle": 0, "axis": "y", "origin": [8, 8, 8]},
			"faces": {
				"east": {"uv": [7, 13, 7.5, 14], "rotation": 90, "texture": "#all", "cullface": "west"},
				"south": {"uv": [8, 13, 7, 13.5], "rotation": 180, "texture": "#all", "cullface": "west"},
				"west": {"uv": [7, 13, 7.5, 14], "rotation": 270, "texture": "#all", "cullface": "west"},
				"up": {"uv": [7, 13, 8, 14], "texture": "#all", "cullface": "west"}
			}
		},
		{
			"from": [13, 16, 7],
			"to": [14, 16.5, 9],
			"rotation": {"angle": 0, "axis": "y", "origin": [8, 8, 8]},
			"faces": {
				"north": {"uv": [14, 7, 13, 7.5], "texture": "#all", "cullface": "up"},
				"east": {"uv": [13, 7, 13.5, 9], "rotation": 90, "texture": "#all", "cullface": "up"},
				"south": {"uv": [14, 8, 13, 8.5], "rotation": 180, "texture": "#all", "cullface": "up"},
				"up": {"uv": [13, 7, 14, 9], "texture": "#all", "cullface": "up"}
			}
		},
		{
			"from": [5, 16, 4],
			"to": [7, 17, 6],
			"rotation": {"angle": 0, "axis": "y", "origin": [8, 8, 8]},
			"faces": {
				"north": {"uv": [7, 4, 5, 5], "texture": "#all", "cullface": "up"},
				"east": {"uv": [6, 4, 7, 6], "rotation": 90, "texture": "#all", "cullface": "up"},
				"south": {"uv": [7, 5, 5, 6], "rotation": 180, "texture": "#all", "cullface": "up"},
				"west": {"uv": [5, 4, 6, 6], "rotation": 270, "texture": "#all", "cullface": "up"},
				"up": {"uv": [5, 4, 7, 6], "texture": "#all", "cullface": "up"}
			}
		},
		{
			"from": [11, 16, 7],
			"to": [13, 17, 9],
			"rotation": {"angle": 0, "axis": "y", "origin": [8, 8, 8]},
			"faces": {
				"north": {"uv": [13, 7, 11, 8], "texture": "#all", "cullface": "up"},
				"east": {"uv": [12, 7, 13, 9], "rotation": 90, "texture": "#all", "cullface": "up"},
				"south": {"uv": [13, 8, 11, 9], "rotation": 180, "texture": "#all", "cullface": "up"},
				"west": {"uv": [11, 7, 12, 9], "rotation": 270, "texture": "#all", "cullface": "up"},
				"up": {"uv": [11, 7, 13, 9], "texture": "#all", "cullface": "up"}
			}
		},
		{
			"from": [2, 16, 9],
			"to": [4, 17, 10],
			"rotation": {"angle": 0, "axis": "y", "origin": [8, 8, 8]},
			"faces": {
				"north": {"uv": [4, 9, 2, 10], "texture": "#all", "cullface": "up"},
				"east": {"uv": [3, 9, 4, 10], "rotation": 90, "texture": "#all", "cullface": "up"},
				"south": {"uv": [4, 9, 2, 10], "rotation": 180, "texture": "#all", "cullface": "up"},
				"west": {"uv": [2, 9, 3, 10], "rotation": 270, "texture": "#all", "cullface": "up"},
				"up": {"uv": [2, 9, 4, 10], "texture": "#all", "cullface": "up"}
			}
		},
		{
			"from": [7, 16, 12],
			"to": [9, 17, 13],
			"rotation": {"angle": 0, "axis": "y", "origin": [8, 8, 8]},
			"faces": {
				"north": {"uv": [9, 12, 7, 13], "texture": "#all", "cullface": "up"},
				"east": {"uv": [8, 12, 9, 13], "rotation": 90, "texture": "#all", "cullface": "up"},
				"south": {"uv": [9, 12, 7, 13], "rotation": 180, "texture": "#all", "cullface": "up"},
				"west": {"uv": [7, 12, 8, 13], "rotation": 270, "texture": "#all", "cullface": "up"},
				"up": {"uv": [7, 12, 9, 13], "texture": "#all", "cullface": "up"}
			}
		},
		{
			"from": [6, 16, 12],
			"to": [7, 16.5, 13],
			"rotation": {"angle": 0, "axis": "y", "origin": [8, 8, 8]},
			"faces": {
				"north": {"uv": [7, 12, 6, 12.5], "texture": "#all", "cullface": "up"},
				"south": {"uv": [7, 12, 6, 12.5], "rotation": 180, "texture": "#all", "cullface": "up"},
				"west": {"uv": [6, 12, 6.5, 13], "rotation": 270, "texture": "#all", "cullface": "up"},
				"up": {"uv": [6, 12, 7, 13], "texture": "#all", "cullface": "up"}
			}
		},
		{
			"from": [4, 16, 9],
			"to": [5, 16.5, 10],
			"rotation": {"angle": 0, "axis": "y", "origin": [8, 8, 8]},
			"faces": {
				"north": {"uv": [5, 9, 4, 9.5], "texture": "#all", "cullface": "up"},
				"east": {"uv": [4, 9, 4.5, 10], "rotation": 90, "texture": "#all", "cullface": "up"},
				"south": {"uv": [5, 9, 4, 9.5], "rotation": 180, "texture": "#all", "cullface": "up"},
				"up": {"uv": [4, 9, 5, 10], "texture": "#all", "cullface": "up"}
			}
		},
		{
			"from": [4, 16, 5],
			"to": [5, 16.5, 6],
			"rotation": {"angle": 0, "axis": "y", "origin": [8, 8, 8]},
			"faces": {
				"north": {"uv": [5, 5, 4, 5.5], "texture": "#all", "cullface": "up"},
				"south": {"uv": [5, 5, 4, 5.5], "rotation": 180, "texture": "#all", "cullface": "up"},
				"west": {"uv": [4, 5, 4.5, 6], "rotation": 270, "texture": "#all", "cullface": "up"},
				"up": {"uv": [4, 5, 5, 6], "texture": "#all", "cullface": "up"}
			}
		},
		{
			"from": [7, 16, 4],
			"to": [8, 16.5, 5],
			"rotation": {"angle": 0, "axis": "y", "origin": [8, 8, 8]},
			"faces": {
				"north": {"uv": [8, 4, 7, 4.5], "texture": "#all", "cullface": "up"},
				"east": {"uv": [7, 4, 7.5, 5], "rotation": 90, "texture": "#all", "cullface": "up"},
				"south": {"uv": [8, 4, 7, 4.5], "rotation": 180, "texture": "#all", "cullface": "up"},
				"up": {"uv": [7, 4, 8, 5], "texture": "#all", "cullface": "up"}
			}
		},
		{
			"from": [10, 16, 7],
			"to": [11, 16.5, 8],
			"rotation": {"angle": 0, "axis": "y", "origin": [8, 8, 8]},
			"faces": {
				"north": {"uv": [11, 7, 10, 7.5], "texture": "#all", "cullface": "up"},
				"south": {"uv": [11, 7, 10, 7.5], "rotation": 180, "texture": "#all", "cullface": "up"},
				"west": {"uv": [10, 7, 10.5, 8], "rotation": 270, "texture": "#all", "cullface": "up"},
				"up": {"uv": [10, 7, 11, 8], "texture": "#all", "cullface": "up"}
			}
		},
		{
			"from": [11, 16, 2],
			"to": [12, 16.5, 3],
			"rotation": {"angle": 0, "axis": "y", "origin": [8, 8, 8]},
			"faces": {
				"north": {"uv": [12, 2, 11, 2.5], "texture": "#all", "cullface": "up"},
				"east": {"uv": [11, 2, 11.5, 3], "rotation": 90, "texture": "#all", "cullface": "up"},
				"south": {"uv": [12, 2, 11, 2.5], "rotation": 180, "texture": "#all", "cullface": "up"},
				"west": {"uv": [11, 2, 11.5, 3], "rotation": 270, "texture": "#all", "cullface": "up"},
				"up": {"uv": [11, 2, 12, 3], "texture": "#all", "cullface": "up"}
			}
		},
		{
			"from": [7, 16, 13],
			"to": [8, 16.5, 14],
			"rotation": {"angle": 0, "axis": "y", "origin": [8, 8, 8]},
			"faces": {
				"east": {"uv": [7, 13, 7.5, 14], "rotation": 90, "texture": "#all", "cullface": "up"},
				"south": {"uv": [8, 13, 7, 13.5], "rotation": 180, "texture": "#all", "cullface": "up"},
				"west": {"uv": [7, 13, 7.5, 14], "rotation": 270, "texture": "#all", "cullface": "up"},
				"up": {"uv": [7, 13, 8, 14], "texture": "#all", "cullface": "up"}
			}
		},
		{
			"from": [13, -0.5, 7],
			"to": [14, 0, 9],
			"rotation": {"angle": 0, "axis": "x", "origin": [8, 8, 8]},
			"faces": {
				"north": {"uv": [14, 8, 13, 8.5], "texture": "#all", "cullface": "down"},
				"east": {"uv": [13, 7, 13.5, 9], "rotation": 270, "texture": "#all", "cullface": "down"},
				"south": {"uv": [14, 7, 13, 7.5], "rotation": 180, "texture": "#all", "cullface": "down"},
				"down": {"uv": [13, 7, 14, 9], "texture": "#all", "cullface": "down"}
			}
		},
		{
			"from": [5, -1, 10],
			"to": [7, 0, 12],
			"rotation": {"angle": 0, "axis": "x", "origin": [8, 8, 8]},
			"faces": {
				"north": {"uv": [7, 5, 5, 6], "texture": "#all", "cullface": "down"},
				"east": {"uv": [6, 4, 7, 6], "rotation": 270, "texture": "#all", "cullface": "down"},
				"south": {"uv": [7, 4, 5, 5], "rotation": 180, "texture": "#all", "cullface": "down"},
				"west": {"uv": [5, 4, 6, 6], "rotation": 90, "texture": "#all", "cullface": "down"},
				"down": {"uv": [5, 4, 7, 6], "texture": "#all", "cullface": "down"}
			}
		},
		{
			"from": [11, -1, 7],
			"to": [13, 0, 9],
			"rotation": {"angle": 0, "axis": "x", "origin": [8, 8, 8]},
			"faces": {
				"north": {"uv": [13, 8, 11, 9], "texture": "#all", "cullface": "down"},
				"east": {"uv": [12, 7, 13, 9], "rotation": 270, "texture": "#all", "cullface": "down"},
				"south": {"uv": [13, 7, 11, 8], "rotation": 180, "texture": "#all", "cullface": "down"},
				"west": {"uv": [11, 7, 12, 9], "rotation": 90, "texture": "#all", "cullface": "down"},
				"down": {"uv": [11, 7, 13, 9], "texture": "#all", "cullface": "down"}
			}
		},
		{
			"from": [2, -1, 6],
			"to": [4, 0, 7],
			"rotation": {"angle": 0, "axis": "x", "origin": [8, 8, 8]},
			"faces": {
				"north": {"uv": [4, 9, 2, 10], "texture": "#all", "cullface": "down"},
				"east": {"uv": [3, 9, 4, 10], "rotation": 270, "texture": "#all", "cullface": "down"},
				"south": {"uv": [4, 9, 2, 10], "rotation": 180, "texture": "#all", "cullface": "down"},
				"west": {"uv": [2, 9, 3, 10], "rotation": 90, "texture": "#all", "cullface": "down"},
				"down": {"uv": [2, 9, 4, 10], "texture": "#all", "cullface": "down"}
			}
		},
		{
			"from": [7, -1, 3],
			"to": [9, 0, 4],
			"rotation": {"angle": 0, "axis": "x", "origin": [8, 8, 8]},
			"faces": {
				"north": {"uv": [9, 12, 7, 13], "texture": "#all", "cullface": "down"},
				"east": {"uv": [8, 12, 9, 13], "rotation": 270, "texture": "#all", "cullface": "down"},
				"south": {"uv": [9, 12, 7, 13], "rotation": 180, "texture": "#all", "cullface": "down"},
				"west": {"uv": [7, 12, 8, 13], "rotation": 90, "texture": "#all", "cullface": "down"},
				"down": {"uv": [7, 12, 9, 13], "texture": "#all", "cullface": "down"}
			}
		},
		{
			"from": [6, -0.5, 3],
			"to": [7, 0, 4],
			"rotation": {"angle": 0, "axis": "x", "origin": [8, 8, 8]},
			"faces": {
				"north": {"uv": [7, 12, 6, 12.5], "texture": "#all", "cullface": "down"},
				"south": {"uv": [7, 12, 6, 12.5], "rotation": 180, "texture": "#all", "cullface": "down"},
				"west": {"uv": [6, 12, 6.5, 13], "rotation": 90, "texture": "#all", "cullface": "down"},
				"down": {"uv": [6, 12, 7, 13], "texture": "#all", "cullface": "down"}
			}
		},
		{
			"from": [4, -0.5, 6],
			"to": [5, 0, 7],
			"rotation": {"angle": 0, "axis": "x", "origin": [8, 8, 8]},
			"faces": {
				"north": {"uv": [5, 9, 4, 9.5], "texture": "#all", "cullface": "down"},
				"east": {"uv": [4, 9, 4.5, 10], "rotation": 270, "texture": "#all", "cullface": "down"},
				"south": {"uv": [5, 9, 4, 9.5], "rotation": 180, "texture": "#all", "cullface": "down"},
				"down": {"uv": [4, 9, 5, 10], "texture": "#all", "cullface": "down"}
			}
		},
		{
			"from": [4, -0.5, 10],
			"to": [5, 0, 11],
			"rotation": {"angle": 0, "axis": "x", "origin": [8, 8, 8]},
			"faces": {
				"north": {"uv": [5, 5, 4, 5.5], "texture": "#all", "cullface": "down"},
				"south": {"uv": [5, 5, 4, 5.5], "rotation": 180, "texture": "#all", "cullface": "down"},
				"west": {"uv": [4, 5, 4.5, 6], "rotation": 90, "texture": "#all", "cullface": "down"},
				"down": {"uv": [4, 5, 5, 6], "texture": "#all", "cullface": "down"}
			}
		},
		{
			"from": [7, -0.5, 11],
			"to": [8, 0, 12],
			"rotation": {"angle": 0, "axis": "x", "origin": [8, 8, 8]},
			"faces": {
				"north": {"uv": [8, 4, 7, 4.5], "texture": "#all", "cullface": "down"},
				"east": {"uv": [7, 4, 7.5, 5], "rotation": 270, "texture": "#all", "cullface": "down"},
				"south": {"uv": [8, 4, 7, 4.5], "rotation": 180, "texture": "#all", "cullface": "down"},
				"down": {"uv": [7, 4, 8, 5], "texture": "#all", "cullface": "down"}
			}
		},
		{
			"from": [10, -0.5, 8],
			"to": [11, 0, 9],
			"rotation": {"angle": 0, "axis": "x", "origin": [8, 8, 8]},
			"faces": {
				"north": {"uv": [11, 7, 10, 7.5], "texture": "#all", "cullface": "down"},
				"south": {"uv": [11, 7, 10, 7.5], "rotation": 180, "texture": "#all", "cullface": "down"},
				"west": {"uv": [10, 7, 10.5, 8], "rotation": 90, "texture": "#all", "cullface": "down"},
				"down": {"uv": [10, 7, 11, 8], "texture": "#all", "cullface": "down"}
			}
		},
		{
			"from": [11, -0.5, 13],
			"to": [12, 0, 14],
			"rotation": {"angle": 0, "axis": "x", "origin": [8, 8, 8]},
			"faces": {
				"north": {"uv": [12, 2, 11, 2.5], "texture": "#all", "cullface": "down"},
				"east": {"uv": [11, 2, 11.5, 3], "rotation": 270, "texture": "#all", "cullface": "down"},
				"south": {"uv": [12, 2, 11, 2.5], "rotation": 180, "texture": "#all", "cullface": "down"},
				"west": {"uv": [11, 2, 11.5, 3], "rotation": 90, "texture": "#all", "cullface": "down"},
				"down": {"uv": [11, 2, 12, 3], "texture": "#all", "cullface": "down"}
			}
		},
		{
			"from": [7, -0.5, 2],
			"to": [8, 0, 3],
			"rotation": {"angle": 0, "axis": "x", "origin": [8, 8, 8]},
			"faces": {
				"north": {"uv": [8, 13, 7, 13.5], "texture": "#all", "cullface": "down"},
				"east": {"uv": [7, 13, 7.5, 14], "rotation": 270, "texture": "#all", "cullface": "down"},
				"west": {"uv": [7, 13, 7.5, 14], "rotation": 90, "texture": "#all", "cullface": "down"},
				"down": {"uv": [7, 13, 8, 14], "texture": "#all", "cullface": "down"}
			}
		}
	]
}