{
	"__comment": "Created by _GrandMagus_",
	"parent": "block/block",
	"textures": {
		"particle": "block/enchanting_table_bottom",
		"bottom": "block/enchanting_table_bottom",
		"top": "block/enchanting_table_top",
		"side": "block/enchanting_table_side"
	},
	"elements": [
		{
			"from": [ 0, 0, 0 ],
			"to": [ 16, 12, 16 ],
			"faces": {
				"down": { "uv": [ 0, 0, 16, 16 ], "texture": "#bottom", "cullface": "down" },
				"up": { "uv": [ 0, 0, 16, 16 ], "texture": "#top" },
				"north": { "uv": [ 0, 4, 16, 16 ], "texture": "#side", "cullface": "north" },
				"south": { "uv": [ 0, 4, 16, 16 ], "texture": "#side", "cullface": "south" },
				"west": { "uv": [ 0, 4, 16, 16 ], "texture": "#side", "cullface": "west" },
				"east": { "uv": [ 0, 4, 16, 16 ], "texture": "#side", "cullface": "east" }
			}
		},
		{
			"__comment": "Cube2",
			"from": [ 0, 12, 13 ],
			"to": [ 3, 13, 16 ],
			"faces": {
				"up": { "uv": [ 0, 0, 3, 3 ], "texture": "#top", "rotation": 270 },
				"north": { "uv": [ 2, 0, 3, 3 ], "texture": "#top", "rotation": 90 },
				"south": { "uv": [ 0, 2, 3, 3 ], "texture": "#top" },
				"west": { "uv": [ 0, 0, 1, 3 ], "texture": "#top", "rotation": 90 },
				"east": { "uv": [ 2, 0, 3, 3 ], "texture": "#top", "rotation": 270 }
			}
		},
		{
			"__comment": "Cube2",
			"from": [ 0, 9, 16 ],
			"to": [ 3, 12, 17 ],
			"faces": {
				"down": { "uv": [ 0, 6, 3, 7 ], "texture": "#side", "cullface": "south" },
				"up": { "uv": [ 0, 4, 3, 5 ], "texture": "#side", "cullface": "south" },
				"south": { "uv": [ 0, 4, 3, 7 ], "texture": "#side", "cullface": "south" },
				"west": { "uv": [ 3, 4, 2, 7 ], "texture": "#side", "cullface": "south" },
				"east": { "uv": [ 2, 4, 3, 7 ], "texture": "#side", "cullface": "south" }
			}
		},
		{
			"__comment": "Cube2",
			"from": [ -1, 9, 13 ],
			"to": [ 0, 12, 16 ],
			"faces": {
				"down": { "uv": [ 0, 6, 3, 7 ], "texture": "#side", "cullface": "west" },
				"up": { "uv": [ 0, 4, 3, 5 ], "texture": "#side", "cullface": "west", "rotation": 270 },
				"north": { "uv": [ 2, 4, 3, 7 ], "texture": "#side", "cullface": "west" },
				"south": { "uv": [ 0, 4, 1, 7 ], "texture": "#side", "cullface": "west" },
				"west": { "uv": [ 0, 4, 3, 7 ], "texture": "#side", "cullface": "west", "rotation": 90 }
			}
		},
		{
			"__comment": "Cube2",
			"from": [ 0, 12, 0 ],
			"to": [ 3, 13, 3 ],
			"faces": {
				"up": { "uv": [ 0, 0, 3, 3 ], "texture": "#top" },
				"north": { "uv": [ 0, 0, 1, 3 ], "texture": "#top", "rotation": 90 },
				"south": { "uv": [ 2, 0, 3, 3 ], "texture": "#top", "rotation": 270 },
				"west": { "uv": [ 0, 2, 3, 3 ], "texture": "#top" },
				"east": { "uv": [ 2, 0, 3, 3 ], "texture": "#top", "rotation": 90 }
			}
		},
		{
			"__comment": "Cube2",
			"from": [ -1, 9, 0 ],
			"to": [ 0, 12, 3 ],
			"faces": {
				"down": { "uv": [ 0, 6, 3, 7 ], "texture": "#side", "cullface": "west", "rotation": 270 },
				"up": { "uv": [ 0, 4, 3, 5 ], "texture": "#side", "cullface": "west", "rotation": 90 },
				"north": { "uv": [ 3, 4, 2, 7 ], "texture": "#side", "cullface": "west" },
				"south": { "uv": [ 2, 4, 3, 7 ], "texture": "#side", "cullface": "west" },
				"west": { "uv": [ 0, 4, 3, 7 ], "texture": "#side", "cullface": "west" }
			}
		},
		{
			"__comment": "Cube2",
			"from": [ 0, 9, -1 ],
			"to": [ 3, 12, 0 ],
			"faces": {
				"down": { "uv": [ 0, 6, 3, 7 ], "texture": "#side", "cullface": "north", "rotation": 270 },
				"up": { "uv": [ 0, 4, 3, 5 ], "texture": "#side", "cullface": "north" },
				"north": { "uv": [ 0, 4, 3, 7 ], "texture": "#side", "cullface": "north", "rotation": 90 },
				"west": { "uv": [ 0, 4, 1, 7 ], "texture": "#side", "cullface": "north" },
				"east": { "uv": [ 2, 4, 3, 7 ], "texture": "#side", "cullface": "north" }
			}
		},
		{
			"__comment": "Cube2",
			"from": [ 13, 12, 0 ],
			"to": [ 16, 13, 3 ],
			"faces": {
				"up": { "uv": [ 0, 0, 3, 3 ], "texture": "#top", "rotation": 90 },
				"north": { "uv": [ 0, 2, 3, 3 ], "texture": "#top" },
				"south": { "uv": [ 2, 0, 3, 3 ], "texture": "#top", "rotation": 90 },
				"west": { "uv": [ 2, 0, 3, 3 ], "texture": "#top", "rotation": 270 },
				"east": { "uv": [ 0, 0, 1, 3 ], "texture": "#top", "rotation": 90 }
			}
		},
		{
			"__comment": "Cube2",
			"from": [ 13, 9, -1 ],
			"to": [ 16, 12, 0 ],
			"faces": {
				"down": { "uv": [ 0, 6, 3, 7 ], "texture": "#side", "cullface": "north", "rotation": 180 },
				"up": { "uv": [ 0, 4, 3, 5 ], "texture": "#side", "cullface": "north", "rotation": 180 },
				"north": { "uv": [ 0, 4, 3, 7 ], "texture": "#side", "cullface": "north" },
				"west": { "uv": [ 2, 4, 3, 7 ], "texture": "#side", "cullface": "north" },
				"east": { "uv": [ 3, 4, 2, 7 ], "texture": "#side", "cullface": "north" }
			}
		},
		{
			"__comment": "Cube2",
			"from": [ 16, 9, 0 ],
			"to": [ 17, 12, 3 ],
			"faces": {
				"down": { "uv": [ 0, 6, 3, 7 ], "texture": "#side", "cullface": "east", "rotation": 180 },
				"up": { "uv": [ 0, 4, 3, 5 ], "texture": "#side", "cullface": "east", "rotation": 90 },
				"north": { "uv": [ 0, 4, 1, 7 ], "texture": "#side", "cullface": "east" },
				"south": { "uv": [ 2, 4, 3, 7 ], "texture": "#side", "cullface": "east" },
				"east": { "uv": [ 0, 4, 3, 7 ], "texture": "#side", "cullface": "east", "rotation": 90 }
			}
		},
		{
			"__comment": "Cube2",
			"from": [ 13, 12, 13 ],
			"to": [ 16, 13, 16 ],
			"faces": {
				"up": { "uv": [ 0, 0, 3, 3 ], "texture": "#top", "rotation": 180 },
				"north": { "uv": [ 2, 0, 3, 3 ], "texture": "#top", "rotation": 270 },
				"south": { "uv": [ 0, 0, 1, 3 ], "texture": "#top", "rotation": 90 },
				"west": { "uv": [ 2, 0, 3, 3 ], "texture": "#top", "rotation": 90 },
				"east": { "uv": [ 0, 2, 3, 3 ], "texture": "#top" }
			}
		},
		{
			"__comment": "Cube2",
			"from": [ 16, 9, 13 ],
			"to": [ 17, 12, 16 ],
			"faces": {
				"down": { "uv": [ 0, 6, 3, 7 ], "texture": "#side", "cullface": "east", "rotation": 90 },
				"up": { "uv": [ 0, 4, 3, 5 ], "texture": "#side", "cullface": "east", "rotation": 270 },
				"north": { "uv": [ 2, 4, 3, 7 ], "texture": "#side", "cullface": "east" },
				"south": { "uv": [ 3, 4, 2, 7 ], "texture": "#side", "cullface": "east" },
				"east": { "uv": [ 0, 4, 3, 7 ], "texture": "#side", "cullface": "east" }
			}
		},
		{
			"__comment": "Cube2",
			"from": [ 13, 9, 16 ],
			"to": [ 16, 12, 17 ],
			"faces": {
				"down": { "uv": [ 0, 6, 3, 7 ], "texture": "#side", "cullface": "south", "rotation": 90 },
				"up": { "uv": [ 0, 4, 3, 5 ], "texture": "#side", "cullface": "south", "rotation": 180 },
				"south": { "uv": [ 0, 4, 3, 7 ], "texture": "#side", "cullface": "south", "rotation": 90 },
				"west": { "uv": [ 2, 4, 3, 7 ], "texture": "#side", "cullface": "south" },
				"east": { "uv": [ 0, 4, 1, 7 ], "texture": "#side", "cullface": "south" }
			}
		}
	]
}