{
	"credit": "Made with Blockbench",
	"parent": "minecraft:block/cube_all",
	"textures": {
		"all": "block/models/gold_ore_2"
	},
	"elements": [
		{
			"from": [0, 0, 0],
			"to": [16, 16, 16],
			"faces": {
				"north": {"uv": [0, 0, 16, 16], "texture": "#all", "cullface": "north"},
				"east": {"uv": [0, 0, 16, 16], "texture": "#all", "cullface": "east"},
				"south": {"uv": [0, 0, 16, 16], "texture": "#all", "cullface": "south"},
				"west": {"uv": [0, 0, 16, 16], "texture": "#all", "cullface": "west"},
				"up": {"uv": [0, 0, 16, 16], "texture": "#all", "cullface": "up"},
				"down": {"uv": [0, 0, 16, 16], "texture": "#all", "cullface": "down"}
			}
		},
		{
			"from": [5, 8, -1],
			"to": [7, 9, 0],
			"rotation": {"angle": 0, "axis": "y", "origin": [8, 8, 8]},
			"faces": {
				"north": {"uv": [9, 7, 11, 8], "texture": "#all", "cullface": "north"},
				"east": {"uv": [9, 7, 10, 8], "texture": "#all", "cullface": "north"},
				"west": {"uv": [10, 7, 11, 8], "texture": "#all", "cullface": "north"},
				"up": {"uv": [11, 7, 9, 8], "texture": "#all", "cullface": "north"},
				"down": {"uv": [11, 7, 9, 8], "texture": "#all", "cullface": "north"}
			}
		},
		{
			"from": [6, 9, -0.5],
			"to": [7, 10, 0],
			"rotation": {"angle": 0, "axis": "y", "origin": [8, 8, 8]},
			"faces": {
				"north": {"uv": [9, 6, 10, 7], "texture": "#all", "cullface": "north"},
				"east": {"uv": [9, 6, 9.5, 7], "texture": "#all", "cullface": "north"},
				"west": {"uv": [9, 6, 9.5, 7], "texture": "#all", "cullface": "north"},
				"up": {"uv": [10, 6, 9, 6.5], "texture": "#all", "cullface": "north"}
			}
		},
		{
			"from": [7, 8, -0.5],
			"to": [8, 9, 0],
			"rotation": {"angle": 0, "axis": "y", "origin": [8, 8, 8]},
			"faces": {
				"north": {"uv": [8, 7, 9, 8], "texture": "#all", "cullface": "north"},
				"east": {"uv": [8, 7, 8.5, 8], "texture": "#all", "cullface": "north"},
				"up": {"uv": [9, 7, 8, 7.5], "texture": "#all", "cullface": "north"},
				"down": {"uv": [9, 7, 8, 7.5], "texture": "#all", "cullface": "north"}
			}
		},
		{
			"from": [4, 8, -0.5],
			"to": [5, 9, 0],
			"rotation": {"angle": 0, "axis": "y", "origin": [8, 8, 8]},
			"faces": {
				"north": {"uv": [11, 7, 12, 8], "texture": "#all", "cullface": "north"},
				"west": {"uv": [11, 7, 11.5, 8], "texture": "#all", "cullface": "north"},
				"up": {"uv": [12, 7, 11, 7.5], "texture": "#all", "cullface": "north"},
				"down": {"uv": [12, 7, 11, 7.5], "texture": "#all", "cullface": "north"}
			}
		},
		{
			"from": [5, 6, -0.5],
			"to": [6, 7, 0],
			"rotation": {"angle": 0, "axis": "y", "origin": [8, 8, 8]},
			"faces": {
				"north": {"uv": [10, 9, 11, 10], "texture": "#all", "cullface": "north"},
				"east": {"uv": [10, 9, 10.5, 10], "texture": "#all", "cullface": "north"},
				"west": {"uv": [10, 9, 10.5, 10], "texture": "#all", "cullface": "north"},
				"down": {"uv": [11, 9, 10, 9.5], "texture": "#all", "cullface": "north"}
			}
		},
		{
			"from": [10, 4, -0.5],
			"to": [11, 6, 0],
			"rotation": {"angle": 0, "axis": "y", "origin": [8, 8, 8]},
			"faces": {
				"north": {"uv": [5, 10, 6, 12], "texture": "#all", "cullface": "north"},
				"east": {"uv": [5, 10, 5.5, 12], "texture": "#all", "cullface": "north"},
				"west": {"uv": [5, 10, 5.5, 12], "texture": "#all", "cullface": "north"},
				"up": {"uv": [6, 10, 5, 10.5], "texture": "#all", "cullface": "north"},
				"down": {"uv": [6, 11, 5, 11.5], "texture": "#all", "cullface": "north"}
			}
		},
		{
			"from": [11, 4, -0.5],
			"to": [12, 5, 0],
			"rotation": {"angle": 0, "axis": "y", "origin": [8, 8, 8]},
			"faces": {
				"north": {"uv": [4, 11, 5, 12], "texture": "#all", "cullface": "north"},
				"east": {"uv": [4, 11, 4.5, 12], "texture": "#all", "cullface": "north"},
				"up": {"uv": [5, 11, 4, 11.5], "texture": "#all", "cullface": "north"},
				"down": {"uv": [5, 11, 4, 11.5], "texture": "#all", "cullface": "north"}
			}
		},
		{
			"from": [12, 11, -0.5],
			"to": [13, 12, 0],
			"rotation": {"angle": 0, "axis": "y", "origin": [8, 8, 8]},
			"faces": {
				"north": {"uv": [3, 4, 4, 5], "texture": "#all", "cullface": "north"},
				"east": {"uv": [3, 4, 3.5, 5], "texture": "#all", "cullface": "north"},
				"west": {"uv": [3, 4, 3.5, 5], "texture": "#all", "cullface": "north"},
				"up": {"uv": [4, 4, 3, 4.5], "texture": "#all", "cullface": "north"},
				"down": {"uv": [4, 4, 3, 4.5], "texture": "#all", "cullface": "north"}
			}
		},
		{
			"from": [5, 7, -0.5],
			"to": [7, 8, 0],
			"rotation": {"angle": 0, "axis": "y", "origin": [8, 8, 8]},
			"faces": {
				"north": {"uv": [9, 8, 11, 9], "texture": "#all", "cullface": "north"},
				"east": {"uv": [9, 8, 9.5, 9], "texture": "#all", "cullface": "north"},
				"west": {"uv": [10, 8, 10.5, 9], "texture": "#all", "cullface": "north"},
				"up": {"uv": [11, 8, 9, 8.5], "texture": "#all", "cullface": "north"},
				"down": {"uv": [11, 8, 9, 8.5], "texture": "#all", "cullface": "north"}
			}
		},
		{
			"from": [16, 7, 5],
			"to": [16.5, 8, 7],
			"rotation": {"angle": 0, "axis": "y", "origin": [8, 8, 8]},
			"faces": {
				"north": {"uv": [10, 8, 10.5, 9], "texture": "#all", "cullface": "east"},
				"east": {"uv": [9, 8, 11, 9], "texture": "#all", "cullface": "east"},
				"south": {"uv": [9, 8, 9.5, 9], "texture": "#all", "cullface": "east"},
				"up": {"uv": [11, 8, 9, 8.5], "rotation": 90, "texture": "#all", "cullface": "east"},
				"down": {"uv": [11, 8, 9, 8.5], "rotation": 270, "texture": "#all", "cullface": "east"}
			}
		},
		{
			"from": [16, 8, 5],
			"to": [17, 9, 7],
			"rotation": {"angle": 0, "axis": "y", "origin": [8, 8, 8]},
			"faces": {
				"north": {"uv": [10, 7, 11, 8], "texture": "#all", "cullface": "east"},
				"east": {"uv": [9, 7, 11, 8], "texture": "#all", "cullface": "east"},
				"south": {"uv": [9, 7, 10, 8], "texture": "#all", "cullface": "east"},
				"up": {"uv": [11, 7, 9, 8], "rotation": 90, "texture": "#all", "cullface": "east"},
				"down": {"uv": [11, 7, 9, 8], "rotation": 270, "texture": "#all", "cullface": "east"}
			}
		},
		{
			"from": [16, 9, 6],
			"to": [16.5, 10, 7],
			"rotation": {"angle": 0, "axis": "y", "origin": [8, 8, 8]},
			"faces": {
				"north": {"uv": [9, 6, 9.5, 7], "texture": "#all", "cullface": "east"},
				"east": {"uv": [9, 6, 10, 7], "texture": "#all", "cullface": "east"},
				"south": {"uv": [9, 6, 9.5, 7], "texture": "#all", "cullface": "east"},
				"up": {"uv": [10, 6, 9, 6.5], "rotation": 90, "texture": "#all", "cullface": "east"}
			}
		},
		{
			"from": [16, 8, 7],
			"to": [16.5, 9, 8],
			"rotation": {"angle": 0, "axis": "y", "origin": [8, 8, 8]},
			"faces": {
				"east": {"uv": [8, 7, 9, 8], "texture": "#all", "cullface": "east"},
				"south": {"uv": [8, 7, 8.5, 8], "texture": "#all", "cullface": "east"},
				"up": {"uv": [9, 7, 8, 7.5], "rotation": 90, "texture": "#all", "cullface": "east"},
				"down": {"uv": [9, 7, 8, 7.5], "rotation": 270, "texture": "#all", "cullface": "east"}
			}
		},
		{
			"from": [16, 8, 4],
			"to": [16.5, 9, 5],
			"rotation": {"angle": 0, "axis": "y", "origin": [8, 8, 8]},
			"faces": {
				"north": {"uv": [11, 7, 11.5, 8], "texture": "#all", "cullface": "east"},
				"east": {"uv": [11, 7, 12, 8], "texture": "#all", "cullface": "east"},
				"up": {"uv": [12, 7, 11, 7.5], "rotation": 90, "texture": "#all", "cullface": "east"},
				"down": {"uv": [12, 7, 11, 7.5], "rotation": 270, "texture": "#all", "cullface": "east"}
			}
		},
		{
			"from": [16, 6, 5],
			"to": [16.5, 7, 6],
			"rotation": {"angle": 0, "axis": "y", "origin": [8, 8, 8]},
			"faces": {
				"north": {"uv": [10, 9, 10.5, 10], "texture": "#all", "cullface": "east"},
				"east": {"uv": [10, 9, 11, 10], "texture": "#all", "cullface": "east"},
				"south": {"uv": [10, 9, 10.5, 10], "texture": "#all", "cullface": "east"},
				"down": {"uv": [11, 9, 10, 9.5], "rotation": 270, "texture": "#all", "cullface": "east"}
			}
		},
		{
			"from": [16, 4, 10],
			"to": [16.5, 6, 11],
			"rotation": {"angle": 0, "axis": "y", "origin": [8, 8, 8]},
			"faces": {
				"north": {"uv": [5, 10, 5.5, 12], "texture": "#all", "cullface": "east"},
				"east": {"uv": [5, 10, 6, 12], "texture": "#all", "cullface": "east"},
				"south": {"uv": [5, 10, 5.5, 12], "texture": "#all", "cullface": "east"},
				"up": {"uv": [6, 10, 5, 10.5], "rotation": 90, "texture": "#all", "cullface": "east"},
				"down": {"uv": [6, 11, 5, 11.5], "rotation": 270, "texture": "#all", "cullface": "east"}
			}
		},
		{
			"from": [16, 4, 11],
			"to": [16.5, 5, 12],
			"rotation": {"angle": 0, "axis": "y", "origin": [8, 8, 8]},
			"faces": {
				"east": {"uv": [4, 11, 5, 12], "texture": "#all", "cullface": "east"},
				"south": {"uv": [4, 11, 4.5, 12], "texture": "#all", "cullface": "east"},
				"up": {"uv": [5, 11, 4, 11.5], "rotation": 90, "texture": "#all", "cullface": "east"},
				"down": {"uv": [5, 11, 4, 11.5], "rotation": 270, "texture": "#all", "cullface": "east"}
			}
		},
		{
			"from": [16, 11, 12],
			"to": [16.5, 12, 13],
			"rotation": {"angle": 0, "axis": "y", "origin": [8, 8, 8]},
			"faces": {
				"north": {"uv": [3, 4, 3.5, 5], "texture": "#all", "cullface": "east"},
				"east": {"uv": [3, 4, 4, 5], "texture": "#all", "cullface": "east"},
				"south": {"uv": [3, 4, 3.5, 5], "texture": "#all", "cullface": "east"},
				"up": {"uv": [4, 4, 3, 4.5], "rotation": 90, "texture": "#all", "cullface": "east"},
				"down": {"uv": [4, 4, 3, 4.5], "rotation": 270, "texture": "#all", "cullface": "east"}
			}
		},
		{
			"from": [9, 7, 16],
			"to": [11, 8, 16.5],
			"rotation": {"angle": 0, "axis": "y", "origin": [8, 8, 8]},
			"faces": {
				"east": {"uv": [10, 8, 10.5, 9], "texture": "#all", "cullface": "south"},
				"south": {"uv": [9, 8, 11, 9], "texture": "#all", "cullface": "south"},
				"west": {"uv": [9, 8, 9.5, 9], "texture": "#all", "cullface": "south"},
				"up": {"uv": [11, 8, 9, 8.5], "rotation": 180, "texture": "#all", "cullface": "south"},
				"down": {"uv": [11, 8, 9, 8.5], "rotation": 180, "texture": "#all", "cullface": "south"}
			}
		},
		{
			"from": [9, 8, 16],
			"to": [11, 9, 17],
			"rotation": {"angle": 0, "axis": "y", "origin": [8, 8, 8]},
			"faces": {
				"east": {"uv": [10, 7, 11, 8], "texture": "#all", "cullface": "south"},
				"south": {"uv": [9, 7, 11, 8], "texture": "#all", "cullface": "south"},
				"west": {"uv": [9, 7, 10, 8], "texture": "#all", "cullface": "south"},
				"up": {"uv": [11, 7, 9, 8], "rotation": 180, "texture": "#all", "cullface": "south"},
				"down": {"uv": [11, 7, 9, 8], "rotation": 180, "texture": "#all", "cullface": "south"}
			}
		},
		{
			"from": [9, 9, 16],
			"to": [10, 10, 16.5],
			"rotation": {"angle": 0, "axis": "y", "origin": [8, 8, 8]},
			"faces": {
				"east": {"uv": [9, 6, 9.5, 7], "texture": "#all", "cullface": "south"},
				"south": {"uv": [9, 6, 10, 7], "texture": "#all", "cullface": "south"},
				"west": {"uv": [9, 6, 9.5, 7], "texture": "#all", "cullface": "south"},
				"up": {"uv": [10, 6, 9, 6.5], "rotation": 180, "texture": "#all", "cullface": "south"}
			}
		},
		{
			"from": [8, 8, 16],
			"to": [9, 9, 16.5],
			"rotation": {"angle": 0, "axis": "y", "origin": [8, 8, 8]},
			"faces": {
				"south": {"uv": [8, 7, 9, 8], "texture": "#all", "cullface": "south"},
				"west": {"uv": [8, 7, 8.5, 8], "texture": "#all", "cullface": "south"},
				"up": {"uv": [9, 7, 8, 7.5], "rotation": 180, "texture": "#all", "cullface": "south"},
				"down": {"uv": [9, 7, 8, 7.5], "rotation": 180, "texture": "#all", "cullface": "south"}
			}
		},
		{
			"from": [11, 8, 16],
			"to": [12, 9, 16.5],
			"rotation": {"angle": 0, "axis": "y", "origin": [8, 8, 8]},
			"faces": {
				"east": {"uv": [11, 7, 11.5, 8], "texture": "#all", "cullface": "south"},
				"south": {"uv": [11, 7, 12, 8], "texture": "#all", "cullface": "south"},
				"up": {"uv": [12, 7, 11, 7.5], "rotation": 180, "texture": "#all", "cullface": "south"},
				"down": {"uv": [12, 7, 11, 7.5], "rotation": 180, "texture": "#all", "cullface": "south"}
			}
		},
		{
			"from": [10, 6, 16],
			"to": [11, 7, 16.5],
			"rotation": {"angle": 0, "axis": "y", "origin": [8, 8, 8]},
			"faces": {
				"east": {"uv": [10, 9, 10.5, 10], "texture": "#all", "cullface": "south"},
				"south": {"uv": [10, 9, 11, 10], "texture": "#all", "cullface": "south"},
				"west": {"uv": [10, 9, 10.5, 10], "texture": "#all", "cullface": "south"},
				"down": {"uv": [11, 9, 10, 9.5], "rotation": 180, "texture": "#all", "cullface": "south"}
			}
		},
		{
			"from": [5, 4, 16],
			"to": [6, 6, 16.5],
			"rotation": {"angle": 0, "axis": "y", "origin": [8, 8, 8]},
			"faces": {
				"east": {"uv": [5, 10, 5.5, 12], "texture": "#all", "cullface": "south"},
				"south": {"uv": [5, 10, 6, 12], "texture": "#all", "cullface": "south"},
				"west": {"uv": [5, 10, 5.5, 12], "texture": "#all", "cullface": "south"},
				"up": {"uv": [6, 10, 5, 10.5], "rotation": 180, "texture": "#all", "cullface": "south"},
				"down": {"uv": [6, 11, 5, 11.5], "rotation": 180, "texture": "#all", "cullface": "south"}
			}
		},
		{
			"from": [4, 4, 16],
			"to": [5, 5, 16.5],
			"rotation": {"angle": 0, "axis": "y", "origin": [8, 8, 8]},
			"faces": {
				"south": {"uv": [4, 11, 5, 12], "texture": "#all", "cullface": "south"},
				"west": {"uv": [4, 11, 4.5, 12], "texture": "#all", "cullface": "south"},
				"up": {"uv": [5, 11, 4, 11.5], "rotation": 180, "texture": "#all", "cullface": "south"},
				"down": {"uv": [5, 11, 4, 11.5], "rotation": 180, "texture": "#all", "cullface": "south"}
			}
		},
		{
			"from": [3, 11, 16],
			"to": [4, 12, 16.5],
			"rotation": {"angle": 0, "axis": "y", "origin": [8, 8, 8]},
			"faces": {
				"east": {"uv": [3, 4, 3.5, 5], "texture": "#all", "cullface": "south"},
				"south": {"uv": [3, 4, 4, 5], "texture": "#all", "cullface": "south"},
				"west": {"uv": [3, 4, 3.5, 5], "texture": "#all", "cullface": "south"},
				"up": {"uv": [4, 4, 3, 4.5], "rotation": 180, "texture": "#all", "cullface": "south"},
				"down": {"uv": [4, 4, 3, 4.5], "rotation": 180, "texture": "#all", "cullface": "south"}
			}
		},
		{
			"from": [-0.5, 7, 9],
			"to": [0, 8, 11],
			"rotation": {"angle": 0, "axis": "y", "origin": [8, 8, 8]},
			"faces": {
				"north": {"uv": [9, 8, 9.5, 9], "texture": "#all", "cullface": "west"},
				"south": {"uv": [10, 8, 10.5, 9], "texture": "#all", "cullface": "west"},
				"west": {"uv": [9, 8, 11, 9], "texture": "#all", "cullface": "west"},
				"up": {"uv": [11, 8, 9, 8.5], "rotation": 270, "texture": "#all", "cullface": "west"},
				"down": {"uv": [11, 8, 9, 8.5], "rotation": 90, "texture": "#all", "cullface": "west"}
			}
		},
		{
			"from": [-1, 8, 9],
			"to": [0, 9, 11],
			"rotation": {"angle": 0, "axis": "y", "origin": [8, 8, 8]},
			"faces": {
				"north": {"uv": [9, 7, 10, 8], "texture": "#all", "cullface": "west"},
				"south": {"uv": [10, 7, 11, 8], "texture": "#all", "cullface": "west"},
				"west": {"uv": [9, 7, 11, 8], "texture": "#all", "cullface": "west"},
				"up": {"uv": [11, 7, 9, 8], "rotation": 270, "texture": "#all", "cullface": "west"},
				"down": {"uv": [11, 7, 9, 8], "rotation": 90, "texture": "#all", "cullface": "west"}
			}
		},
		{
			"from": [-0.5, 9, 9],
			"to": [0, 10, 10],
			"rotation": {"angle": 0, "axis": "y", "origin": [8, 8, 8]},
			"faces": {
				"north": {"uv": [9, 6, 9.5, 7], "texture": "#all", "cullface": "west"},
				"south": {"uv": [9, 6, 9.5, 7], "texture": "#all", "cullface": "west"},
				"west": {"uv": [9, 6, 10, 7], "texture": "#all", "cullface": "west"},
				"up": {"uv": [10, 6, 9, 6.5], "rotation": 270, "texture": "#all", "cullface": "west"}
			}
		},
		{
			"from": [-0.5, 8, 8],
			"to": [0, 9, 9],
			"rotation": {"angle": 0, "axis": "y", "origin": [8, 8, 8]},
			"faces": {
				"north": {"uv": [8, 7, 8.5, 8], "texture": "#all", "cullface": "west"},
				"west": {"uv": [8, 7, 9, 8], "texture": "#all", "cullface": "west"},
				"up": {"uv": [9, 7, 8, 7.5], "rotation": 270, "texture": "#all", "cullface": "west"},
				"down": {"uv": [9, 7, 8, 7.5], "rotation": 90, "texture": "#all", "cullface": "west"}
			}
		},
		{
			"from": [-0.5, 8, 11],
			"to": [0, 9, 12],
			"rotation": {"angle": 0, "axis": "y", "origin": [8, 8, 8]},
			"faces": {
				"south": {"uv": [11, 7, 11.5, 8], "texture": "#all", "cullface": "west"},
				"west": {"uv": [11, 7, 12, 8], "texture": "#all", "cullface": "west"},
				"up": {"uv": [12, 7, 11, 7.5], "rotation": 270, "texture": "#all", "cullface": "west"},
				"down": {"uv": [12, 7, 11, 7.5], "rotation": 90, "texture": "#all", "cullface": "west"}
			}
		},
		{
			"from": [-0.5, 6, 10],
			"to": [0, 7, 11],
			"rotation": {"angle": 0, "axis": "y", "origin": [8, 8, 8]},
			"faces": {
				"north": {"uv": [10, 9, 10.5, 10], "texture": "#all", "cullface": "west"},
				"south": {"uv": [10, 9, 10.5, 10], "texture": "#all", "cullface": "west"},
				"west": {"uv": [10, 9, 11, 10], "texture": "#all", "cullface": "west"},
				"down": {"uv": [11, 9, 10, 9.5], "rotation": 90, "texture": "#all", "cullface": "west"}
			}
		},
		{
			"from": [-0.5, 4, 5],
			"to": [0, 6, 6],
			"rotation": {"angle": 0, "axis": "y", "origin": [8, 8, 8]},
			"faces": {
				"north": {"uv": [5, 10, 5.5, 12], "texture": "#all", "cullface": "west"},
				"south": {"uv": [5, 10, 5.5, 12], "texture": "#all", "cullface": "west"},
				"west": {"uv": [5, 10, 6, 12], "texture": "#all", "cullface": "west"},
				"up": {"uv": [6, 10, 5, 10.5], "rotation": 270, "texture": "#all", "cullface": "west"},
				"down": {"uv": [6, 11, 5, 11.5], "rotation": 90, "texture": "#all", "cullface": "west"}
			}
		},
		{
			"from": [-0.5, 4, 4],
			"to": [0, 5, 5],
			"rotation": {"angle": 0, "axis": "y", "origin": [8, 8, 8]},
			"faces": {
				"north": {"uv": [4, 11, 4.5, 12], "texture": "#all", "cullface": "west"},
				"west": {"uv": [4, 11, 5, 12], "texture": "#all", "cullface": "west"},
				"up": {"uv": [5, 11, 4, 11.5], "rotation": 270, "texture": "#all", "cullface": "west"},
				"down": {"uv": [5, 11, 4, 11.5], "rotation": 90, "texture": "#all", "cullface": "west"}
			}
		},
		{
			"from": [-0.5, 11, 3],
			"to": [0, 12, 4],
			"rotation": {"angle": 0, "axis": "y", "origin": [8, 8, 8]},
			"faces": {
				"north": {"uv": [3, 4, 3.5, 5], "texture": "#all", "cullface": "west"},
				"south": {"uv": [3, 4, 3.5, 5], "texture": "#all", "cullface": "west"},
				"west": {"uv": [3, 4, 4, 5], "texture": "#all", "cullface": "west"},
				"up": {"uv": [4, 4, 3, 4.5], "rotation": 270, "texture": "#all", "cullface": "west"},
				"down": {"uv": [4, 4, 3, 4.5], "rotation": 90, "texture": "#all", "cullface": "west"}
			}
		},
		{
			"from": [9, 16, 8],
			"to": [11, 16.5, 9],
			"rotation": {"angle": 0, "axis": "y", "origin": [8, 8, 8]},
			"faces": {
				"north": {"uv": [11, 8, 9, 8.5], "texture": "#all", "cullface": "up"},
				"east": {"uv": [10, 8, 10.5, 9], "rotation": 90, "texture": "#all", "cullface": "up"},
				"south": {"uv": [11, 8, 9, 8.5], "rotation": 180, "texture": "#all", "cullface": "up"},
				"west": {"uv": [9, 8, 9.5, 9], "rotation": 270, "texture": "#all", "cullface": "up"},
				"up": {"uv": [9, 8, 11, 9], "texture": "#all", "cullface": "up"}
			}
		},
		{
			"from": [9, 16, 7],
			"to": [11, 17, 8],
			"rotation": {"angle": 0, "axis": "y", "origin": [8, 8, 8]},
			"faces": {
				"north": {"uv": [11, 7, 9, 8], "texture": "#all", "cullface": "up"},
				"east": {"uv": [10, 7, 11, 8], "rotation": 90, "texture": "#all", "cullface": "up"},
				"south": {"uv": [11, 7, 9, 8], "rotation": 180, "texture": "#all", "cullface": "up"},
				"west": {"uv": [9, 7, 10, 8], "rotation": 270, "texture": "#all", "cullface": "up"},
				"up": {"uv": [9, 7, 11, 8], "texture": "#all", "cullface": "up"}
			}
		},
		{
			"from": [9, 16, 6],
			"to": [10, 16.5, 7],
			"rotation": {"angle": 0, "axis": "y", "origin": [8, 8, 8]},
			"faces": {
				"north": {"uv": [10, 6, 9, 6.5], "texture": "#all", "cullface": "up"},
				"east": {"uv": [9, 6, 9.5, 7], "rotation": 90, "texture": "#all", "cullface": "up"},
				"west": {"uv": [9, 6, 9.5, 7], "rotation": 270, "texture": "#all", "cullface": "up"},
				"up": {"uv": [9, 6, 10, 7], "texture": "#all", "cullface": "up"}
			}
		},
		{
			"from": [8, 16, 7],
			"to": [9, 16.5, 8],
			"rotation": {"angle": 0, "axis": "y", "origin": [8, 8, 8]},
			"faces": {
				"north": {"uv": [9, 7, 8, 7.5], "texture": "#all", "cullface": "up"},
				"south": {"uv": [9, 7, 8, 7.5], "rotation": 180, "texture": "#all", "cullface": "up"},
				"west": {"uv": [8, 7, 8.5, 8], "rotation": 270, "texture": "#all", "cullface": "up"},
				"up": {"uv": [8, 7, 9, 8], "texture": "#all", "cullface": "up"}
			}
		},
		{
			"from": [11, 16, 7],
			"to": [12, 16.5, 8],
			"rotation": {"angle": 0, "axis": "y", "origin": [8, 8, 8]},
			"faces": {
				"north": {"uv": [12, 7, 11, 7.5], "texture": "#all", "cullface": "up"},
				"east": {"uv": [11, 7, 11.5, 8], "rotation": 90, "texture": "#all", "cullface": "up"},
				"south": {"uv": [12, 7, 11, 7.5], "rotation": 180, "texture": "#all", "cullface": "up"},
				"up": {"uv": [11, 7, 12, 8], "texture": "#all", "cullface": "up"}
			}
		},
		{
			"from": [10, 16, 9],
			"to": [11, 16.5, 10],
			"rotation": {"angle": 0, "axis": "y", "origin": [8, 8, 8]},
			"faces": {
				"east": {"uv": [10, 9, 10.5, 10], "rotation": 90, "texture": "#all", "cullface": "up"},
				"south": {"uv": [11, 9, 10, 9.5], "rotation": 180, "texture": "#all", "cullface": "up"},
				"west": {"uv": [10, 9, 10.5, 10], "rotation": 270, "texture": "#all", "cullface": "up"},
				"up": {"uv": [10, 9, 11, 10], "texture": "#all", "cullface": "up"}
			}
		},
		{
			"from": [5, 16, 10],
			"to": [6, 16.5, 12],
			"rotation": {"angle": 0, "axis": "y", "origin": [8, 8, 8]},
			"faces": {
				"north": {"uv": [6, 10, 5, 10.5], "texture": "#all", "cullface": "up"},
				"east": {"uv": [5, 10, 5.5, 12], "rotation": 90, "texture": "#all", "cullface": "up"},
				"south": {"uv": [6, 11, 5, 11.5], "rotation": 180, "texture": "#all", "cullface": "up"},
				"west": {"uv": [5, 10, 5.5, 12], "rotation": 270, "texture": "#all", "cullface": "up"},
				"up": {"uv": [5, 10, 6, 12], "texture": "#all", "cullface": "up"}
			}
		},
		{
			"from": [4, 16, 11],
			"to": [5, 16.5, 12],
			"rotation": {"angle": 0, "axis": "y", "origin": [8, 8, 8]},
			"faces": {
				"north": {"uv": [5, 11, 4, 11.5], "texture": "#all", "cullface": "up"},
				"south": {"uv": [5, 11, 4, 11.5], "rotation": 180, "texture": "#all", "cullface": "up"},
				"west": {"uv": [4, 11, 4.5, 12], "rotation": 270, "texture": "#all", "cullface": "up"},
				"up": {"uv": [4, 11, 5, 12], "texture": "#all", "cullface": "up"}
			}
		},
		{
			"from": [3, 16, 4],
			"to": [4, 16.5, 5],
			"rotation": {"angle": 0, "axis": "y", "origin": [8, 8, 8]},
			"faces": {
				"north": {"uv": [4, 4, 3, 4.5], "texture": "#all", "cullface": "up"},
				"east": {"uv": [3, 4, 3.5, 5], "rotation": 90, "texture": "#all", "cullface": "up"},
				"south": {"uv": [4, 4, 3, 4.5], "rotation": 180, "texture": "#all", "cullface": "up"},
				"west": {"uv": [3, 4, 3.5, 5], "rotation": 270, "texture": "#all", "cullface": "up"},
				"up": {"uv": [3, 4, 4, 5], "texture": "#all", "cullface": "up"}
			}
		},
		{
			"from": [9, -0.5, 7],
			"to": [11, 0, 8],
			"rotation": {"angle": 0, "axis": "x", "origin": [8, 8, 8]},
			"faces": {
				"north": {"uv": [11, 8, 9, 8.5], "texture": "#all", "cullface": "down"},
				"east": {"uv": [10, 8, 10.5, 9], "rotation": 270, "texture": "#all", "cullface": "down"},
				"south": {"uv": [11, 8, 9, 8.5], "rotation": 180, "texture": "#all", "cullface": "down"},
				"west": {"uv": [9, 8, 9.5, 9], "rotation": 90, "texture": "#all", "cullface": "down"},
				"down": {"uv": [9, 8, 11, 9], "texture": "#all", "cullface": "down"}
			}
		},
		{
			"from": [9, -1, 8],
			"to": [11, 0, 9],
			"rotation": {"angle": 0, "axis": "x", "origin": [8, 8, 8]},
			"faces": {
				"north": {"uv": [11, 7, 9, 8], "texture": "#all", "cullface": "down"},
				"east": {"uv": [10, 7, 11, 8], "rotation": 270, "texture": "#all", "cullface": "down"},
				"south": {"uv": [11, 7, 9, 8], "rotation": 180, "texture": "#all", "cullface": "down"},
				"west": {"uv": [9, 7, 10, 8], "rotation": 90, "texture": "#all", "cullface": "down"},
				"down": {"uv": [9, 7, 11, 8], "texture": "#all", "cullface": "down"}
			}
		},
		{
			"from": [9, -0.5, 9],
			"to": [10, 0, 10],
			"rotation": {"angle": 0, "axis": "x", "origin": [8, 8, 8]},
			"faces": {
				"east": {"uv": [9, 6, 9.5, 7], "rotation": 270, "texture": "#all", "cullface": "down"},
				"south": {"uv": [10, 6, 9, 6.5], "rotation": 180, "texture": "#all", "cullface": "down"},
				"west": {"uv": [9, 6, 9.5, 7], "rotation": 90, "texture": "#all", "cullface": "down"},
				"down": {"uv": [9, 6, 10, 7], "texture": "#all", "cullface": "down"}
			}
		},
		{
			"from": [8, -0.5, 8],
			"to": [9, 0, 9],
			"rotation": {"angle": 0, "axis": "x", "origin": [8, 8, 8]},
			"faces": {
				"north": {"uv": [9, 7, 8, 7.5], "texture": "#all", "cullface": "down"},
				"south": {"uv": [9, 7, 8, 7.5], "rotation": 180, "texture": "#all", "cullface": "down"},
				"west": {"uv": [8, 7, 8.5, 8], "rotation": 90, "texture": "#all", "cullface": "down"},
				"down": {"uv": [8, 7, 9, 8], "texture": "#all", "cullface": "down"}
			}
		},
		{
			"from": [11, -0.5, 8],
			"to": [12, 0, 9],
			"rotation": {"angle": 0, "axis": "x", "origin": [8, 8, 8]},
			"faces": {
				"north": {"uv": [12, 7, 11, 7.5], "texture": "#all", "cullface": "down"},
				"east": {"uv": [11, 7, 11.5, 8], "rotation": 270, "texture": "#all", "cullface": "down"},
				"south": {"uv": [12, 7, 11, 7.5], "rotation": 180, "texture": "#all", "cullface": "down"},
				"down": {"uv": [11, 7, 12, 8], "texture": "#all", "cullface": "down"}
			}
		},
		{
			"from": [10, -0.5, 6],
			"to": [11, 0, 7],
			"rotation": {"angle": 0, "axis": "x", "origin": [8, 8, 8]},
			"faces": {
				"north": {"uv": [11, 9, 10, 9.5], "texture": "#all", "cullface": "down"},
				"east": {"uv": [10, 9, 10.5, 10], "rotation": 270, "texture": "#all", "cullface": "down"},
				"west": {"uv": [10, 9, 10.5, 10], "rotation": 90, "texture": "#all", "cullface": "down"},
				"down": {"uv": [10, 9, 11, 10], "texture": "#all", "cullface": "down"}
			}
		},
		{
			"from": [5, -0.5, 4],
			"to": [6, 0, 6],
			"rotation": {"angle": 0, "axis": "x", "origin": [8, 8, 8]},
			"faces": {
				"north": {"uv": [6, 11, 5, 11.5], "texture": "#all", "cullface": "down"},
				"east": {"uv": [5, 10, 5.5, 12], "rotation": 270, "texture": "#all", "cullface": "down"},
				"south": {"uv": [6, 10, 5, 10.5], "rotation": 180, "texture": "#all", "cullface": "down"},
				"west": {"uv": [5, 10, 5.5, 12], "rotation": 90, "texture": "#all", "cullface": "down"},
				"down": {"uv": [5, 10, 6, 12], "texture": "#all", "cullface": "down"}
			}
		},
		{
			"from": [4, -0.5, 4],
			"to": [5, 0, 5],
			"rotation": {"angle": 0, "axis": "x", "origin": [8, 8, 8]},
			"faces": {
				"north": {"uv": [5, 11, 4, 11.5], "texture": "#all", "cullface": "down"},
				"south": {"uv": [5, 11, 4, 11.5], "rotation": 180, "texture": "#all", "cullface": "down"},
				"west": {"uv": [4, 11, 4.5, 12], "rotation": 90, "texture": "#all", "cullface": "down"},
				"down": {"uv": [4, 11, 5, 12], "texture": "#all", "cullface": "down"}
			}
		},
		{
			"from": [3, -0.5, 11],
			"to": [4, 0, 12],
			"rotation": {"angle": 0, "axis": "x", "origin": [8, 8, 8]},
			"faces": {
				"north": {"uv": [4, 4, 3, 4.5], "texture": "#all", "cullface": "down"},
				"east": {"uv": [3, 4, 3.5, 5], "rotation": 270, "texture": "#all", "cullface": "down"},
				"south": {"uv": [4, 4, 3, 4.5], "rotation": 180, "texture": "#all", "cullface": "down"},
				"west": {"uv": [3, 4, 3.5, 5], "rotation": 90, "texture": "#all", "cullface": "down"},
				"down": {"uv": [3, 4, 4, 5], "texture": "#all", "cullface": "down"}
			}
		}
	]
}