{
	"__comment": "Created by _GrandMagus_",
	"ambientocclusion": false,
	"textures": {
		"particle": "block/lily_pad",
		"texture": "block/lily_pad",
		"flower": "block/lily_pad_flower"
	},
	"elements": [
		{
			"from": [ 0, -1, 0 ],
			"to": [ 16, -0.999, 16 ],
			"faces": {
				"down": { "uv": [ 16, 16, 0, 0 ], "texture": "#texture", "tintindex": 0 },
				"up": { "uv": [ 16, 0, 0, 16 ], "texture": "#texture", "tintindex": 0 }
			}
		},
		{
			"__comment": "PlaneX35",
			"from": [ 12.5, -1, 4 ],
			"to": [ 12.501, 15, 18.4 ],
			"rotation": { "origin": [ 12.5, -1, 4 ], "axis": "y", "angle": -45 },
			"shade": false,
			"faces": {
				"west": { "uv": [ 0, 0, 16, 16 ], "texture": "#flower" },
				"east": { "uv": [ 0, 0, 16, 16 ], "texture": "#flower" }
			}
		},
		{
			"__comment": "PlaneX35",
			"from": [ 2.5, -1, 4 ],
			"to": [ 2.501, 15, 18.4 ],
			"rotation": { "origin": [ 2.5, -1, 4 ], "axis": "y", "angle": 45 },
			"shade": false,
			"faces": {
				"west": { "uv": [ 0, 0, 16, 16 ], "texture": "#flower" },
				"east": { "uv": [ 0, 0, 16, 16 ], "texture": "#flower" }
			}
		}
	]
}