{
	"__comment": "Created by _GrandMagus_",
	"parent": "block/orientable",
	"textures": {
		"top": "block/loom_top",
		"bottom": "block/loom_bottom",
		"front": "block/loom_front",
		"side": "block/loom_side"
	},
	"elements": [
		{
			"__comment": "Cube1",
			"from": [ 0, 0, 0 ],
			"to": [ 16, 16, 16 ],
			"faces": {
				"down": { "uv": [ 0, 0, 16, 16 ], "texture": "#bottom", "cullface": "down" },
				"south": { "uv": [ 0, 0, 16, 16 ], "texture": "#side", "cullface": "south" },
				"west": { "uv": [ 0, 0, 16, 16 ], "texture": "#side", "cullface": "west" },
				"east": { "uv": [ 0, 0, 16, 16 ], "texture": "#side", "cullface": "east" }
			}
		},
		{
			"__comment": "Cube2",
			"from": [ 1, 13, 7 ],
			"to": [ 15, 14, 8 ],
			"faces": {
				"up": { "uv": [ 1, 7, 15, 8 ], "texture": "#top", "cullface": "up" },
				"north": { "uv": [ 1, 12, 15, 13 ], "texture": "#top", "cullface": "up" },
				"south": { "uv": [ 1, 12, 15, 13 ], "texture": "#top", "cullface": "up" }
			}
		},
		{
			"__comment": "Cube2",
			"from": [ 2, 14, 0 ],
			"to": [ 3, 15, 16 ],
			"faces": {
				"up": { "uv": [ 14, 0, 15, 16 ], "texture": "#top", "cullface": "up" },
				"west": { "uv": [ 14, 0, 15, 16 ], "texture": "#top", "cullface": "up", "rotation": 270 },
				"east": { "uv": [ 14, 0, 15, 16 ], "texture": "#top", "cullface": "up", "rotation": 90 }
			}
		},
		{
			"__comment": "Cube2",
			"from": [ 15, 15, 0 ],
			"to": [ 16, 16, 16 ],
			"faces": {
				"up": { "uv": [ 15, 0, 16, 16 ], "texture": "#top", "cullface": "up" },
				"north": { "uv": [ 0, 0, 1, 1 ], "texture": "#front", "cullface": "north" },
				"west": { "uv": [ 0, 0, 16, 1 ], "texture": "#side", "cullface": "up" }
			}
		},
		{
			"__comment": "Cube2",
			"from": [ 1, 13, 15 ],
			"to": [ 15, 16, 16 ],
			"faces": {
				"up": { "uv": [ 1, 15, 15, 16 ], "texture": "#top", "cullface": "up" },
				"north": { "uv": [ 15, 15, 1, 16 ], "texture": "#top", "cullface": "up" }
			}
		},
		{
			"__comment": "Cube2",
			"from": [ 0, 13, 0 ],
			"to": [ 1, 16, 16 ],
			"faces": {
				"up": { "uv": [ 0, 0, 1, 16 ], "texture": "#top", "cullface": "up" },
				"north": { "uv": [ 15, 0, 16, 3 ], "texture": "#front", "cullface": "north" },
				"east": { "uv": [ 0, 0, 16, 3 ], "texture": "#side", "cullface": "up" }
			}
		},
		{
			"__comment": "Cube2",
			"from": [ 14, 14, 0 ],
			"to": [ 15, 15, 16 ],
			"faces": {
				"up": { "uv": [ 14, 0, 15, 16 ], "texture": "#top", "cullface": "up" },
				"west": { "uv": [ 14, 0, 15, 16 ], "texture": "#top", "cullface": "up", "rotation": 270 }
			}
		},
		{
			"__comment": "Cube2",
			"from": [ 12, 14, 0 ],
			"to": [ 13, 15, 16 ],
			"faces": {
				"up": { "uv": [ 14, 0, 15, 16 ], "texture": "#top", "cullface": "up" },
				"west": { "uv": [ 14, 0, 15, 16 ], "texture": "#top", "cullface": "up", "rotation": 270 },
				"east": { "uv": [ 14, 0, 15, 16 ], "texture": "#top", "cullface": "up", "rotation": 90 }
			}
		},
		{
			"__comment": "Cube2",
			"from": [ 10, 14, 0 ],
			"to": [ 11, 15, 16 ],
			"faces": {
				"up": { "uv": [ 14, 0, 15, 16 ], "texture": "#top", "cullface": "up" },
				"west": { "uv": [ 14, 0, 15, 16 ], "texture": "#top", "cullface": "up", "rotation": 270 },
				"east": { "uv": [ 14, 0, 15, 16 ], "texture": "#top", "cullface": "up", "rotation": 90 }
			}
		},
		{
			"__comment": "Cube2",
			"from": [ 8, 14, 0 ],
			"to": [ 9, 15, 16 ],
			"faces": {
				"up": { "uv": [ 14, 0, 15, 16 ], "texture": "#top", "cullface": "up" },
				"west": { "uv": [ 14, 0, 15, 16 ], "texture": "#top", "cullface": "up", "rotation": 270 },
				"east": { "uv": [ 14, 0, 15, 16 ], "texture": "#top", "cullface": "up", "rotation": 90 }
			}
		},
		{
			"__comment": "Cube2",
			"from": [ 6, 14, 0 ],
			"to": [ 7, 15, 16 ],
			"faces": {
				"up": { "uv": [ 14, 0, 15, 16 ], "texture": "#top", "cullface": "up" },
				"west": { "uv": [ 14, 0, 15, 16 ], "texture": "#top", "cullface": "up", "rotation": 270 },
				"east": { "uv": [ 14, 0, 15, 16 ], "texture": "#top", "cullface": "up", "rotation": 90 }
			}
		},
		{
			"__comment": "Cube2",
			"from": [ 4, 14, 0 ],
			"to": [ 5, 15, 16 ],
			"faces": {
				"up": { "uv": [ 14, 0, 15, 16 ], "texture": "#top", "cullface": "up" },
				"west": { "uv": [ 14, 0, 15, 16 ], "texture": "#top", "cullface": "up", "rotation": 270 },
				"east": { "uv": [ 14, 0, 15, 16 ], "texture": "#top", "cullface": "up", "rotation": 90 }
			}
		},
		{
			"__comment": "Cube2",
			"from": [ 1, 15, 12 ],
			"to": [ 15, 16, 13 ],
			"faces": {
				"up": { "uv": [ 1, 12, 15, 13 ], "texture": "#top", "cullface": "up" },
				"north": { "uv": [ 15, 12, 1, 13 ], "texture": "#top", "cullface": "up" },
				"south": { "uv": [ 15, 12, 1, 13 ], "texture": "#top", "cullface": "up" }
			}
		},
		{
			"__comment": "Cube14",
			"from": [ 2, 8, 0 ],
			"to": [ 3, 14, 1 ],
			"faces": {
				"north": { "uv": [ 13, 2, 14, 8 ], "texture": "#front", "cullface": "north" },
				"west": { "uv": [ 13, 2, 14, 8 ], "texture": "#front", "cullface": "north" },
				"east": { "uv": [ 13, 2, 14, 8 ], "texture": "#front", "cullface": "north" }
			}
		},
		{
			"__comment": "Cube14",
			"from": [ 4, 8, 0 ],
			"to": [ 5, 14, 1 ],
			"faces": {
				"north": { "uv": [ 13, 2, 14, 8 ], "texture": "#front", "cullface": "north" },
				"west": { "uv": [ 13, 2, 14, 8 ], "texture": "#front", "cullface": "north" },
				"east": { "uv": [ 13, 2, 14, 8 ], "texture": "#front", "cullface": "north" }
			}
		},
		{
			"__comment": "Cube14",
			"from": [ 6, 8, 0 ],
			"to": [ 7, 14, 1 ],
			"faces": {
				"north": { "uv": [ 13, 2, 14, 8 ], "texture": "#front", "cullface": "north" },
				"west": { "uv": [ 13, 2, 14, 8 ], "texture": "#front", "cullface": "north" },
				"east": { "uv": [ 13, 2, 14, 8 ], "texture": "#front", "cullface": "north" }
			}
		},
		{
			"__comment": "Cube14",
			"from": [ 8, 8, 0 ],
			"to": [ 9, 14, 1 ],
			"faces": {
				"north": { "uv": [ 13, 2, 14, 8 ], "texture": "#front", "cullface": "north" },
				"west": { "uv": [ 13, 2, 14, 8 ], "texture": "#front", "cullface": "north" },
				"east": { "uv": [ 13, 2, 14, 8 ], "texture": "#front", "cullface": "north" }
			}
		},
		{
			"__comment": "Cube14",
			"from": [ 10, 8, 0 ],
			"to": [ 11, 14, 1 ],
			"faces": {
				"north": { "uv": [ 13, 2, 14, 8 ], "texture": "#front", "cullface": "north" },
				"west": { "uv": [ 13, 2, 14, 8 ], "texture": "#front", "cullface": "north" },
				"east": { "uv": [ 13, 2, 14, 8 ], "texture": "#front", "cullface": "north" }
			}
		},
		{
			"__comment": "Cube14",
			"from": [ 12, 8, 0 ],
			"to": [ 13, 14, 1 ],
			"faces": {
				"north": { "uv": [ 13, 2, 14, 8 ], "texture": "#front", "cullface": "north" },
				"west": { "uv": [ 13, 2, 14, 8 ], "texture": "#front", "cullface": "north" },
				"east": { "uv": [ 13, 2, 14, 8 ], "texture": "#front", "cullface": "north" }
			}
		},
		{
			"__comment": "Cube21",
			"from": [ 1, 14, 0 ],
			"to": [ 15, 16, 1 ],
			"faces": {
				"down": { "uv": [ 15, 1, 1, 2 ], "texture": "#front", "cullface": "north" },
				"up": { "uv": [ 1, 14, 15, 15 ], "texture": "#front", "cullface": "up" },
				"north": { "uv": [ 1, 9, 15, 7 ], "texture": "#front", "cullface": "north" },
				"south": { "uv": [ 1, 14, 15, 16 ], "texture": "#front", "cullface": "up" }
			}
		},
		{
			"__comment": "Cube21",
			"from": [ 1, 8, 1 ],
			"to": [ 15, 14, 2 ],
			"faces": {
				"up": { "uv": [ 15, 1, 1, 2 ], "texture": "#front", "cullface": "up" },
				"north": { "uv": [ 1, 2, 15, 8 ], "texture": "#front", "cullface": "north" }
			}
		},
		{
			"__comment": "Cube14",
			"from": [ 14, 8, 0 ],
			"to": [ 15, 14, 1 ],
			"faces": {
				"north": { "uv": [ 13, 2, 14, 8 ], "texture": "#front", "cullface": "north" },
				"west": { "uv": [ 13, 2, 14, 8 ], "texture": "#front", "cullface": "north" }
			}
		},
		{
			"__comment": "Cube24",
			"from": [ 1, 0, 0 ],
			"to": [ 15, 2, 1 ],
			"faces": {
				"up": { "uv": [ 15, 14, 1, 15 ], "texture": "#front", "cullface": "north" },
				"north": { "uv": [ 1, 14, 15, 16 ], "texture": "#front", "cullface": "north" }
			}
		},
		{
			"__comment": "Cube24",
			"from": [ 0, 0, 0 ],
			"to": [ 1, 13, 1 ],
			"faces": {
				"north": { "uv": [ 15, 3, 16, 16 ], "texture": "#front", "cullface": "north" },
				"east": { "uv": [ 15, 3, 16, 16 ], "texture": "#front", "cullface": "north" }
			}
		},
		{
			"__comment": "Cube24",
			"from": [ 15, 0, 0 ],
			"to": [ 16, 15, 1 ],
			"faces": {
				"north": { "uv": [ 0, 1, 1, 16 ], "texture": "#front", "cullface": "north" },
				"west": { "uv": [ 0, 1, 1, 16 ], "texture": "#front", "cullface": "north" }
			}
		},
		{
			"__comment": "PlaneZ26",
			"from": [ 1, 2, 1 ],
			"to": [ 15, 5, 1.001 ],
			"faces": {
				"north": { "uv": [ 1, 11, 15, 14 ], "texture": "#front", "cullface": "north" }
			}
		},
		{
			"__comment": "PlaneY27",
			"from": [ 1, 13, 1 ],
			"to": [ 15, 13.001, 15 ],
			"faces": {
				"up": { "uv": [ 1, 1, 15, 15 ], "texture": "#bottom", "cullface": "up" }
			}
		},
		{
			"__comment": "Cube21",
			"from": [ 1, 5, 0 ],
			"to": [ 15, 8, 1 ],
			"faces": {
				"down": { "uv": [ 1, 10, 15, 11 ], "texture": "#front", "cullface": "north" },
				"up": { "uv": [ 1, 8, 15, 9 ], "texture": "#front", "cullface": "north" },
				"north": { "uv": [ 1, 8, 15, 11 ], "texture": "#front", "cullface": "north" }
			}
		},
		{
			"__comment": "PlaneZ30",
			"from": [ 1, 13, 2 ],
			"to": [ 15, 14, 2.001 ],
			"faces": {
				"south": { "uv": [ 15, 10, 1, 11 ], "texture": "#front", "cullface": "up" }
			}
		}
	]
}