{
	"__comment": "Created by _GrandMagus_",
	"parent": "block/inner_stairs",
	"textures": {
		"particle": "block/polished_andesite",
		"texture": "block/polished_andesite"
	},
	"elements": [
		{
			"from": [0, 0, 0],
			"to": [16, 7, 16],
			"faces": {
				"north": {"uv": [0, 9, 16, 16], "texture": "#texture", "cullface": "north"},
				"east": {"uv": [0, 9, 16, 16], "texture": "#texture", "cullface": "east"},
				"south": {"uv": [0, 9, 16, 16], "texture": "#texture", "cullface": "south"},
				"west": {"uv": [0, 9, 16, 16], "texture": "#texture", "cullface": "west"},
				"down": {"uv": [0, 0, 16, 16], "texture": "#texture", "cullface": "down"}
			}
		},
		{
			"from": [0, 7, 0],
			"to": [8, 8, 8],
			"faces": {
				"north": {"uv": [8, 0, 16, 1], "texture": "#texture", "cullface": "north"},
				"west": {"uv": [0, 0, 8, 1], "texture": "#texture", "cullface": "west"},
				"up": {"uv": [0, 0, 8, 8], "texture": "#texture"}
			}
		},
		{
			"from": [9, 7, 0],
			"to": [16, 16, 9],
			"faces": {
				"north": {"uv": [0, 0, 7, 9], "texture": "#texture", "cullface": "north"},
				"east": {"uv": [7, 0, 16, 9], "texture": "#texture", "cullface": "east"},
				"up": {"uv": [9, 0, 16, 9], "texture": "#texture", "cullface": "up"}
			}
		},
		{
			"from": [8, 7, 0],
			"to": [9, 16, 9],
			"faces": {
				"north": {"uv": [15, 0, 16, 9], "texture": "#texture", "cullface": "north"},
				"west": {"uv": [0, 0, 9, 9], "texture": "#texture"},
				"up": {"uv": [0, 0, 1, 9], "texture": "#texture", "cullface": "up"}
			}
		},
		{
			"from": [0, 7, 8],
			"to": [8, 16, 9],
			"faces": {
				"north": {"uv": [8, 0, 16, 9], "texture": "#texture"},
				"west": {"uv": [0, 0, 1, 9], "texture": "#texture", "cullface": "west"},
				"up": {"uv": [0, 0, 8, 1], "texture": "#texture", "cullface": "up"}
			}
		},
		{
			"from": [0, 7, 9],
			"to": [16, 16, 16],
			"faces": {
				"east": {"uv": [0, 0, 7, 9], "texture": "#texture"},
				"south": {"uv": [0, 0, 16, 9], "texture": "#texture", "cullface": "south"},
				"west": {"uv": [9, 0, 16, 9], "texture": "#texture", "cullface": "west"},
				"up": {"uv": [0, 9, 16, 16], "texture": "#texture", "cullface": "up"}
			}
		}
	]
}