{
    "credit": "Made with Blockbench by _GrandMagus_",
	"parent": "block/block",
	"display": {
        "gui": {
            "rotation": [ 30, 135, 0 ],
            "translation": [ 0, 0, 0],
            "scale":[ 0.625, 0.625, 0.625 ]
        },
        "fixed": {
            "rotation": [ 0, 90, 0 ],
            "translation": [ 0, 0, 0 ],
            "scale": [ 0.5, 0.5, 0.5 ]
        }
    },
    "ambientocclusion": false,
    "textures": {
        "particle": "#wall"
    },
	"elements": [
		{
			"__comment": "Center post",
			"from": [ 4, 0, 4 ],
			"to": [ 12, 16, 12 ],
			"faces": {
				"down": { "uv": [ 4, 4, 12, 12 ], "texture": "#wall", "cullface": "down" },
				"up": { "uv": [ 4, 4, 12, 12 ], "texture": "#top" },
				"north": { "uv": [ 4, 0, 12, 16 ], "texture": "#wall" },
				"south": { "uv": [ 4, 0, 12, 16 ], "texture": "#wall" },
				"west": { "uv": [ 4, 0, 12, 16 ], "texture": "#wall" },
				"east": { "uv": [ 4, 0, 12, 16 ], "texture": "#wall" }
			}
		},
		{
			"__comment": "Full wall",
			"from": [ 5, 0, 0 ],
			"to": [ 11, 13, 16 ],
			"faces": {
				"down": { "uv": [ 5, 0, 11, 16 ], "texture": "#wall", "cullface": "down" },
				"up": { "uv": [ 5, 0, 11, 16 ], "texture": "#top" },
				"north": { "uv": [ 5, 0, 11, 13 ], "texture": "#wall", "cullface": "north" },
				"south": { "uv": [ 5, 0, 11, 13 ], "texture": "#wall", "cullface": "south" },
				"west": { "uv": [ 0, 0, 16, 13 ], "texture": "#wall" },
				"east": { "uv": [ 0, 0, 16, 13 ], "texture": "#wall" }
			}
		}
	],
	"display": {
		"gui": {
			"rotation":  [ 30, 135, 0 ],
			"scale":  [ 0.625, 0.625, 0.625 ]
		},
		"fixed": {
			"rotation":  [ 0, 90, 0 ],
			"scale":  [ 0.5, 0.5, 0.5 ]
		}
	}
}