{
	"credit": "Made with Blockbench",
	"parent": "block/orientable_with_bottom",
	"textures": {
		"5": "block/smoker_front_on",
		"bottom": "block/smoker_bottom",
		"top": "block/smoker_top",
		"front": "block/smoker_front",
		"side": "block/smoker_side",
		"particle": "block/smoker_front_on"
	},
	"elements": [
		{
			"name": "Cube1",
			"from": [0, 0, 0],
			"to": [16, 16, 16],
			"faces": {
				"east": {"uv": [0, 0, 16, 16], "texture": "#side", "cullface": "east"},
				"south": {"uv": [0, 0, 16, 16], "texture": "#side", "cullface": "south"},
				"west": {"uv": [0, 0, 16, 16], "texture": "#side", "cullface": "west"},
				"down": {"uv": [0, 0, 16, 16], "texture": "#bottom", "cullface": "down"}
			}
		},
		{
			"name": "PlaneY2",
			"from": [4, 15, 4],
			"to": [12, 15.001, 12],
			"faces": {
				"up": {"uv": [4, 4, 12, 12], "texture": "#top", "cullface": "up"}
			}
		},
		{
			"name": "PlaneY2",
			"from": [0, 15, 0],
			"to": [16, 16.001, 4],
			"faces": {
				"south": {"uv": [0, 3, 16, 4], "texture": "#top"},
				"up": {"uv": [0, 0, 16, 4], "texture": "#top", "cullface": "up"}
			}
		},
		{
			"name": "PlaneY2",
			"from": [0, 15, 12],
			"to": [16, 16.001, 16],
			"faces": {
				"north": {"uv": [16, 12, 0, 13], "texture": "#top"},
				"up": {"uv": [0, 12, 16, 16], "texture": "#top", "cullface": "up"}
			}
		},
		{
			"name": "PlaneY2",
			"from": [0, 15, 4],
			"to": [4, 16.001, 12],
			"faces": {
				"east": {"uv": [3, 4, 4, 12], "rotation": 90, "texture": "#top"},
				"up": {"uv": [0, 4, 4, 12], "texture": "#top", "cullface": "up"}
			}
		},
		{
			"name": "PlaneY2",
			"from": [12, 15, 4],
			"to": [16, 16.001, 12],
			"faces": {
				"west": {"uv": [12, 4, 13, 12], "rotation": 270, "texture": "#top"},
				"up": {"uv": [12, 4, 16, 12], "texture": "#top", "cullface": "up"}
			}
		},
		{
			"name": "PlaneZ12",
			"from": [14, 0, 0],
			"to": [16, 7, 3.001],
			"rotation": {"angle": 0, "axis": "y", "origin": [8, 0, 8]},
			"faces": {
				"north": {"uv": [0, 9, 2, 16], "texture": "#5", "cullface": "north"},
				"west": {"uv": [0, 9, 3, 16], "texture": "#5"}
			}
		},
		{
			"name": "PlaneZ13",
			"from": [0, 0, 0],
			"to": [2, 7, 3.001],
			"rotation": {"angle": 0, "axis": "y", "origin": [-6, 0, 8]},
			"faces": {
				"north": {"uv": [14, 9, 16, 16], "texture": "#5", "cullface": "north"},
				"east": {"uv": [13, 9, 16, 16], "texture": "#5"}
			}
		},
		{
			"name": "PlaneZ11",
			"from": [2, 0, 0],
			"to": [14, 2, 3],
			"faces": {
				"north": {"uv": [2, 14, 14, 16], "texture": "#5", "cullface": "north"},
				"up": {"uv": [14, 15, 2, 12], "texture": "#5", "cullface": "north"}
			}
		},
		{
			"name": "PlaneZ11",
			"from": [0, 7, 0],
			"to": [16, 16, 3.001],
			"faces": {
				"north": {"uv": [0, 0, 16, 9], "texture": "#5", "cullface": "north"},
				"down": {"uv": [16, 9, 0, 8], "texture": "#5"}
			}
		},
		{
			"name": "PlaneY21",
			"from": [4, 12, 0],
			"to": [11, 12.001, 1],
			"faces": {
				"down": {"uv": [5, 3, 12, 4], "texture": "#front", "cullface": "north"}
			}
		},
		{
			"name": "PlaneZ25",
			"from": [2, 1, 3],
			"to": [14, 7, 3.001],
			"faces": {
				"north": {"uv": [2, 9, 14, 15], "texture": "#5", "cullface": "north"},
				"east": {"uv": [0, 0, 0, 0], "texture": "#5"},
				"south": {"uv": [0, 0, 0, 0], "texture": "#5"},
				"west": {"uv": [0, 0, 0, 0], "texture": "#5"},
				"up": {"uv": [0, 0, 0, 0], "texture": "#5"},
				"down": {"uv": [0, 0, 0, 0], "texture": "#5"}
			}
		},
		{
			"name": "Cube28",
			"from": [11, 2, 1],
			"to": [13, 4, 3],
			"faces": {
				"north": {"uv": [3, 12, 5, 14], "texture": "#5"},
				"east": {"uv": [3, 12, 4, 14], "texture": "#5"},
				"west": {"uv": [4, 12, 5, 14], "texture": "#5"},
				"up": {"uv": [5, 13, 3, 12], "texture": "#5"}
			}
		},
		{
			"name": "Cube28",
			"from": [11, 4, 2],
			"to": [12, 6, 3],
			"faces": {
				"north": {"uv": [4, 10, 5, 12], "texture": "#5"},
				"east": {"uv": [4, 10, 5, 12], "texture": "#5"},
				"west": {"uv": [4, 10, 5, 12], "texture": "#5"},
				"up": {"uv": [4, 10, 5, 11], "texture": "#5"}
			}
		},
		{
			"name": "Cube28",
			"from": [8, 2, 0.5],
			"to": [10, 4, 3],
			"faces": {
				"north": {"uv": [6, 12, 8, 14], "texture": "#5"},
				"east": {"uv": [6, 12, 7, 14], "texture": "#5"},
				"west": {"uv": [7, 12, 8, 14], "texture": "#5"},
				"up": {"uv": [8, 13, 6, 12], "texture": "#5"}
			}
		},
		{
			"name": "Cube28",
			"from": [5, 2, 1],
			"to": [7, 4, 3],
			"faces": {
				"north": {"uv": [9, 12, 11, 14], "texture": "#5"},
				"east": {"uv": [9, 12, 10, 14], "texture": "#5"},
				"west": {"uv": [10, 12, 11, 14], "texture": "#5"},
				"up": {"uv": [11, 13, 9, 12], "texture": "#5"}
			}
		},
		{
			"name": "Cube28",
			"from": [2, 2, 1],
			"to": [4, 4, 3],
			"faces": {
				"north": {"uv": [12, 12, 14, 14], "texture": "#5"},
				"east": {"uv": [12, 12, 13, 14], "texture": "#5"},
				"up": {"uv": [14, 13, 12, 12], "texture": "#5"}
			}
		},
		{
			"name": "Cube29",
			"from": [4, 4, 1.5],
			"to": [6, 5, 3],
			"rotation": {"angle": 0, "axis": "y", "origin": [7, 8, 8]},
			"faces": {
				"north": {"uv": [11, 11, 12, 12], "texture": "#5"},
				"east": {"uv": [10, 11, 11, 12], "texture": "#5"},
				"west": {"uv": [11, 11, 12, 12], "texture": "#5"},
				"up": {"uv": [12, 11, 10, 12], "texture": "#5"},
				"down": {"uv": [12, 11, 10, 12], "texture": "#5"}
			}
		},
		{
			"name": "Cube30",
			"from": [5, 5, 2],
			"to": [7, 6, 3],
			"rotation": {"angle": 0, "axis": "y", "origin": [8, 9, 8]},
			"faces": {
				"north": {"uv": [9, 10, 11, 11], "texture": "#5"},
				"east": {"uv": [9, 10, 10, 11], "texture": "#5"},
				"west": {"uv": [10, 10, 11, 11], "texture": "#5"},
				"up": {"uv": [11, 10, 9, 11], "texture": "#5"},
				"down": {"uv": [9, 10, 11, 11], "texture": "#5"}
			}
		},
		{
			"name": "Cube30",
			"from": [10, 4, 1.5],
			"to": [11, 5, 3],
			"rotation": {"angle": 0, "axis": "y", "origin": [13, 8, 8]},
			"faces": {
				"north": {"uv": [5, 11, 6, 12], "texture": "#5"},
				"east": {"uv": [5, 11, 6, 12], "texture": "#5"},
				"west": {"uv": [5, 11, 6, 12], "texture": "#5"},
				"up": {"uv": [5, 11, 6, 12], "texture": "#5"},
				"down": {"uv": [5, 11, 6, 12], "texture": "#5"}
			}
		},
		{
			"name": "Cube31",
			"from": [9, 5, 2],
			"to": [10, 6, 3],
			"rotation": {"angle": 0, "axis": "y", "origin": [12, 9, 8]},
			"faces": {
				"north": {"uv": [6, 10, 7, 11], "texture": "#5"},
				"east": {"uv": [6, 10, 7, 11], "texture": "#5"},
				"west": {"uv": [6, 10, 7, 11], "texture": "#5"},
				"up": {"uv": [6, 10, 7, 11], "texture": "#5"},
				"down": {"uv": [6, 10, 7, 11], "texture": "#5"}
			}
		},
		{
			"name": "Cube32",
			"from": [10, 6, 2.5],
			"to": [11, 7, 3],
			"rotation": {"angle": 0, "axis": "y", "origin": [13, 10, 8]},
			"faces": {
				"north": {"uv": [5, 9, 6, 10], "texture": "#5"},
				"east": {"uv": [5, 9, 6, 10], "texture": "#5"},
				"west": {"uv": [5, 9, 6, 10], "texture": "#5"},
				"up": {"uv": [5, 9, 6, 10], "texture": "#5"},
				"down": {"uv": [5, 9, 6, 10], "texture": "#5"}
			}
		},
		{
			"name": "Cube33",
			"from": [5, 6, 2.5],
			"to": [6, 7, 3],
			"rotation": {"angle": 0, "axis": "y", "origin": [8, 10, 8]},
			"faces": {
				"north": {"uv": [10, 9, 11, 10], "texture": "#5"},
				"east": {"uv": [10, 9, 11, 10], "texture": "#5"},
				"west": {"uv": [10, 9, 11, 10], "texture": "#5"},
				"up": {"uv": [10, 9, 11, 10], "texture": "#5"}
			}
		},
		{
			"name": "Cube32",
			"from": [3, 5, 2],
			"to": [4, 6, 3],
			"rotation": {"angle": 0, "axis": "y", "origin": [6, 9, 8]},
			"faces": {
				"north": {"uv": [12, 10, 13, 11], "texture": "#5"},
				"east": {"uv": [12, 10, 13, 11], "texture": "#5"},
				"west": {"uv": [12, 10, 13, 11], "texture": "#5"},
				"up": {"uv": [12, 10, 13, 11], "texture": "#5"},
				"down": {"uv": [12, 10, 13, 11], "texture": "#5"}
			}
		},
		{
			"name": "Cube33",
			"from": [12, 5, 2.5],
			"to": [13, 6, 3],
			"rotation": {"angle": 0, "axis": "y", "origin": [15, 9, 8]},
			"faces": {
				"north": {"uv": [6, 10, 7, 11], "texture": "#5"},
				"east": {"uv": [6, 10, 7, 11], "texture": "#5"},
				"up": {"uv": [6, 10, 7, 11], "texture": "#5"},
				"down": {"uv": [6, 10, 7, 11], "texture": "#5"}
			}
		},
		{
			"name": "Cube31",
			"from": [8, 4, 2],
			"to": [9, 5, 3],
			"rotation": {"angle": 0, "axis": "y", "origin": [11, 8, 8]},
			"faces": {
				"north": {"uv": [11, 11, 12, 12], "texture": "#5"},
				"east": {"uv": [7, 11, 8, 12], "texture": "#5"},
				"west": {"uv": [11, 11, 12, 12], "texture": "#5"},
				"up": {"uv": [11, 11, 12, 12], "texture": "#5"}
			}
		}
	]
}