{
	"__comment": "Created by _GrandMagus_",
	"textures": {
        "particle": "#wall"
    },
	"elements": [
		{
			"__comment": "wall",
			"from": [ 5, 0, 0 ],
			"to": [ 11, 14, 8 ],
			"faces": {
				"down": { "uv": [ 5, 8, 11, 16 ], "texture": "#wall", "cullface": "down" },
				"up": { "uv": [ 5, 0, 11, 8 ], "texture": "#top" },
				"north": { "uv": [ 5, 0, 11, 14 ], "texture": "#wall", "cullface": "north" },
				"west": { "uv": [ 0, 0, 8, 14 ], "texture": "#wall" },
				"east": { "uv": [ 8, 0, 16, 14 ], "texture": "#wall" }
			}
		}
	]
}