{
	"credit": "Made with Blockbench",
	"parent": "block/block",
	"textures": {
		"particle": "block/lantern",
		"lantern": "block/lantern"
	},
	"elements": [
		{
			"from": [5, 6, 5],
			"to": [11, 7, 11],
			"faces": {
				"north": {"uv": [0, 2, 6, 3], "texture": "#lantern"},
				"east": {"uv": [0, 2, 6, 3], "texture": "#lantern"},
				"south": {"uv": [0, 2, 6, 3], "texture": "#lantern"},
				"west": {"uv": [0, 2, 6, 3], "texture": "#lantern"},
				"up": {"uv": [0, 9, 6, 15], "texture": "#lantern"},
				"down": {"uv": [0, 9, 6, 15], "texture": "#lantern"}
			}
		},
		{
			"from": [5, 0, 5],
			"to": [11, 1, 11],
			"faces": {
				"north": {"uv": [0, 8, 6, 9], "texture": "#lantern"},
				"east": {"uv": [0, 8, 6, 9], "texture": "#lantern"},
				"south": {"uv": [0, 8, 6, 9], "texture": "#lantern"},
				"west": {"uv": [0, 8, 6, 9], "texture": "#lantern"},
				"up": {"uv": [0, 9, 6, 15], "texture": "#lantern"},
				"down": {"uv": [0, 9, 6, 15], "texture": "#lantern", "cullface": "down"}
			}
		},
		{
			"from": [10, 1, 5],
			"to": [11, 6, 6],
			"faces": {
				"north": {"uv": [0, 3, 1, 8], "texture": "#lantern"},
				"east": {"uv": [0, 3, 1, 8], "texture": "#lantern"},
				"south": {"uv": [0, 3, 1, 8], "texture": "#lantern"},
				"west": {"uv": [0, 3, 1, 8], "texture": "#lantern"}
			}
		},
		{
			"from": [5, 1, 5],
			"to": [6, 6, 6],
			"faces": {
				"north": {"uv": [0, 3, 1, 8], "texture": "#lantern"},
				"east": {"uv": [0, 3, 1, 8], "texture": "#lantern"},
				"south": {"uv": [0, 3, 1, 8], "texture": "#lantern"},
				"west": {"uv": [0, 3, 1, 8], "texture": "#lantern"}
			}
		},
		{
			"from": [5, 1, 10],
			"to": [6, 6, 11],
			"faces": {
				"north": {"uv": [0, 3, 1, 8], "texture": "#lantern"},
				"east": {"uv": [0, 3, 1, 8], "texture": "#lantern"},
				"south": {"uv": [0, 3, 1, 8], "texture": "#lantern"},
				"west": {"uv": [0, 3, 1, 8], "texture": "#lantern"}
			}
		},
		{
			"from": [10, 1, 10],
			"to": [11, 6, 11],
			"faces": {
				"north": {"uv": [0, 3, 1, 8], "texture": "#lantern"},
				"east": {"uv": [0, 3, 1, 8], "texture": "#lantern"},
				"south": {"uv": [0, 3, 1, 8], "texture": "#lantern"},
				"west": {"uv": [0, 3, 1, 8], "texture": "#lantern"}
			}
		},
		{
			"from": [6, 1, 6],
			"to": [10, 6, 10],
			"faces": {
				"north": {"uv": [1, 3, 5, 8], "texture": "#lantern"},
				"east": {"uv": [1, 3, 5, 8], "texture": "#lantern"},
				"south": {"uv": [1, 3, 5, 8], "texture": "#lantern"},
				"west": {"uv": [1, 3, 5, 8], "texture": "#lantern"}
			}
		},
		{
			"from": [6, 7, 6],
			"to": [10, 9, 10],
			"faces": {
				"north": {"uv": [1, 0, 5, 2], "texture": "#lantern"},
				"east": {"uv": [1, 0, 5, 2], "texture": "#lantern"},
				"south": {"uv": [1, 0, 5, 2], "texture": "#lantern"},
				"west": {"uv": [1, 0, 5, 2], "texture": "#lantern"},
				"up": {"uv": [1, 10, 5, 14], "texture": "#lantern"}
			}
		},
		{
			"from": [6, 9, 7.9],
			"to": [7, 10, 8.9],
			"rotation": {"angle": -45, "axis": "y", "origin": [6.5, 9.5, 9.5]},
			"faces": {
				"north": {"uv": [13, 11, 14, 12], "texture": "#lantern"},
				"east": {"uv": [13, 11, 14, 12], "texture": "#lantern"},
				"south": {"uv": [13, 11, 14, 12], "texture": "#lantern"},
				"west": {"uv": [13, 11, 14, 12], "texture": "#lantern"}
			}
		},
		{
			"from": [6, 10, 5.9],
			"to": [7, 11, 8.9],
			"rotation": {"angle": -45, "axis": "y", "origin": [6.5, 9.5, 9.5]},
			"faces": {
				"north": {"uv": [11, 10, 12, 11], "texture": "#lantern"},
				"east": {"uv": [14, 10, 11, 11], "texture": "#lantern"},
				"south": {"uv": [13, 10, 14, 11], "texture": "#lantern"},
				"west": {"uv": [11, 10, 14, 11], "texture": "#lantern"},
				"up": {"uv": [11, 10, 14, 11], "rotation": 90, "texture": "#lantern"},
				"down": {"uv": [11, 10, 14, 11], "rotation": 270, "texture": "#lantern"}
			}
		},
		{
			"from": [6, 9, 5.9],
			"to": [7, 10, 6.9],
			"rotation": {"angle": -45, "axis": "y", "origin": [6.5, 9.5, 9.5]},
			"faces": {
				"north": {"uv": [11, 11, 12, 12], "texture": "#lantern"},
				"east": {"uv": [11, 11, 12, 12], "texture": "#lantern"},
				"south": {"uv": [11, 11, 12, 12], "texture": "#lantern"},
				"west": {"uv": [11, 11, 12, 12], "texture": "#lantern"}
			}
		}
	]
}