{
	"__comment":"Designed by GeForceLegend",
	"parent":"item/display_generated",
	"textures":{
		"layer0":"item/recovery_compass_16",
		"particle":"item/recovery_compass_back",
		"back":"item/recovery_compass_back",
		"front":"item/recovery_compass_front"
	},
	"elements":[
		{
			"from":[3,1,7.5],
			"to":[13,15,8],
			"faces":{
				"north":{"uv":[3,1,13,15],"texture":"#back"},
				"south":{"uv":[3.5,1,13.5,15],"texture":"#layer0"}
			}
		},
		{
			"from":[5,1,7.5],
			"to":[11,7,8.5],
			"faces":{
				"east":{"uv":[10,9,11,15],"texture":"#front"},
				"south":{"uv":[5,9,11,15],"texture":"#front"},
				"west":{"uv":[5,9,6,15],"texture":"#front"},
				"up":{"uv":[5,9,11,10],"texture":"#front"},
				"down":{"uv":[5,14,11,15],"texture":"#front"}
			}
		},
		{
			"from":[3,2,7.5],
			"to":[5,8,8.5],
			"faces":{
				"east":{"uv":[4,8,5,14],"texture":"#front"},
				"south":{"uv":[3,8,5,14],"texture":"#front"},
				"west":{"uv":[3,8,4,14],"texture":"#front"},
				"up":{"uv":[3,8,5,9],"texture":"#front"},
				"down":{"uv":[3,13,5,14],"texture":"#front"}
			}
		},
		{
			"from":[11,2,7.5],
			"to":[13,8,8.5],
			"faces":{
				"east":{"uv":[12,8,13,14],"texture":"#front"},
				"south":{"uv":[11,8,13,14],"texture":"#front"},
				"west":{"uv":[11,8,12,14],"texture":"#front"},
				"up":{"uv":[11,8,13,9],"texture":"#front"},
				"down":{"uv":[11,13,13,14],"texture":"#front"}
			}
		},
		{
			"from":[2,3,7.5],
			"to":[3,13,8.5],
			"faces":{
				"north":{"uv":[2,3,3,13],"texture":"#back"},
				"east":{"uv":[2,3,3,13],"texture":"#front"},
				"south":{"uv":[2,3,3,13],"texture":"#front"},
				"west":{"uv":[2,3,3,13],"texture":"#front"},
				"up":{"uv":[2,3,3,4],"texture":"#front"},
				"down":{"uv":[2,12,3,13],"texture":"#front"}
			}
		},
		{
			"from":[13,3,7.5],
			"to":[14,13,8.5],
			"faces":{
				"north":{"uv":[13,3,14,13],"texture":"#back"},
				"east":{"uv":[13,3,14,13],"texture":"#front"},
				"south":{"uv":[13,3,14,13],"texture":"#front"},
				"west":{"uv":[13,3,14,13],"texture":"#front"},
				"up":{"uv":[13,3,14,4],"texture":"#front"},
				"down":{"uv":[13,12,14,13],"texture":"#front"}
			}
		},
		{
			"from":[1,4,7.5],
			"to":[2,12,8.5],
			"faces":{
				"north":{"uv":[1,4,2,12],"texture":"#back"},
				"south":{"uv":[1,4,2,12],"texture":"#front"},
				"west":{"uv":[1,4,2,12],"texture":"#front"},
				"up":{"uv":[1,4,2,5],"texture":"#front"},
				"down":{"uv":[1,11,2,12],"texture":"#front"}
			}
		},
		{
			"from":[14,4,7.5],
			"to":[15,12,8.5],
			"faces":{
				"north":{"uv":[14,4,15,12],"texture":"#back"},
				"east":{"uv":[14,4,15,12],"texture":"#front"},
				"south":{"uv":[14,4,15,12],"texture":"#front"},
				"up":{"uv":[14,4,15,5],"texture":"#front"},
				"down":{"uv":[14,11,15,12],"texture":"#front"}
			}
		},
		{
			"from":[0,5,7.5],
			"to":[1,11,8.5],
			"faces":{
				"north":{"uv":[0,5,1,11],"texture":"#back"},
				"south":{"uv":[0,5,1,11],"texture":"#front"},
				"west":{"uv":[0,5,1,11],"texture":"#front"},
				"up":{"uv":[0,5,1,6],"texture":"#front"},
				"down":{"uv":[0,10,1,11],"texture":"#front"}
			}
		},
		{
			"from":[15,5,7.5],
			"to":[16,11,8.5],
			"faces":{
				"north":{"uv":[15,5,16,11],"texture":"#back"},
				"east":{"uv":[15,5,16,11],"texture":"#front"},
				"south":{"uv":[15,5,16,11],"texture":"#front"},
				"up":{"uv":[15,5,16,6],"texture":"#front"},
				"down":{"uv":[15,10,16,11],"texture":"#front"}
			}
		},
		{
			"from":[3,11,7.5],
			"to":[5,14,8.5],
			"faces":{
				"east":{"uv":[4,2,5,5],"texture":"#front"},
				"south":{"uv":[3,2,5,5],"texture":"#front"},
				"west":{"uv":[3,2,4,5],"texture":"#front"},
				"up":{"uv":[3,2,5,3],"texture":"#front"},
				"down":{"uv":[3,4,5,5],"texture":"#front"}
			}
		},
		{
			"from":[11,11,7.5],
			"to":[13,14,8.5],
			"faces":{
				"east":{"uv":[12,2,13,5],"texture":"#front"},
				"south":{"uv":[11,2,13,5],"texture":"#front"},
				"west":{"uv":[11,2,12,5],"texture":"#front"},
				"up":{"uv":[11,2,13,3],"texture":"#front"},
				"down":{"uv":[11,4,13,5],"texture":"#front"}
			}
		},
		{
			"from":[5,12,7.5],
			"to":[11,15,8.5],
			"faces":{
				"east":{"uv":[5,1,6,4],"texture":"#front"},
				"south":{"uv":[5,1,11,4],"texture":"#front"},
				"west":{"uv":[10,1,11,4],"texture":"#front"},
				"up":{"uv":[5,1,11,2],"texture":"#front"},
				"down":{"uv":[5,3,11,4],"texture":"#front"}
			}
		},
		{
			"from":[3,10,7.5],
			"to":[4,11,8.5],
			"faces":{
				"east":{"uv":[3,5,4,6],"texture":"#front"},
				"south":{"uv":[3,5,4,6],"texture":"#front"},
				"down":{"uv":[3,5,4,6],"texture":"#front"}
			}
		},
		{
			"from":[3,8,7.5],
			"to":[4,9,8.5],
			"faces":{
				"east":{"uv":[3,7,4,8],"texture":"#front"},
				"south":{"uv":[3,7,4,8],"texture":"#front"},
				"up":{"uv":[3,7,4,8],"texture":"#front"}
			}
		},
		{
			"from":[12,10,7.5],
			"to":[13,11,8.5],
			"faces":{
				"south":{"uv":[12,5,13,6],"texture":"#front"},
				"west":{"uv":[12,5,13,6],"texture":"#front"},
				"up":{"uv":[12,5,13,6],"texture":"#front"},
				"down":{"uv":[12,5,13,6],"texture":"#front"}
			}
		},
		{
			"from":[12,8,7.5],
			"to":[13,9,8.5],
			"faces":{
				"south":{"uv":[12,7,13,8],"texture":"#front"},
				"west":{"uv":[12,7,13,8],"texture":"#front"},
				"up":{"uv":[12,7,13,8],"texture":"#front"}
			}
		}
	]
}