{
	"credit": "xR4YM0ND, Notch",
	"textures": {
		"pressure": "rays_3d_rails:block/stone/pressure_plate",
		"particle": "rays_3d_rails:block/oak/base_1",
		"base_1": "rays_3d_rails:block/oak/base_1",
		"base_2": "rays_3d_rails:block/oak/base_2",
		"base_3": "rays_3d_rails:block/oak/base_3",
		"base_4": "rays_3d_rails:block/oak/base_4",
		"rail_1": "rays_3d_rails:block/iron/rail_1",
		"rail_2": "rays_3d_rails:block/iron/rail_2",
		"redstone_1": "rays_3d_rails:block/redstone/rail_1_off",
		"redstone_2": "rays_3d_rails:block/redstone/rail_2_off",
		"gold_1": "rays_3d_rails:block/gold/rail_1",
		"gold_2": "rays_3d_rails:block/gold/rail_2",
		"redstone_inverter": "rays_3d_rails:block/redstone/rail_1_off"
	},
	"elements": [
		{
			"name": "rail",
			"from": [3, 1, 0],
			"to": [4, 2, 16],
			"rotation": {"angle": 0, "axis": "y", "origin": [3, 1, 0]},
			"faces": {
				"north": {"uv": [0, 4, 1, 5], "texture": "#rail_1"},
				"east": {"uv": [0, 0, 16, 1], "texture": "#rail_1"},
				"south": {"uv": [1, 4, 2, 5], "texture": "#rail_1"},
				"west": {"uv": [0, 1, 16, 2], "texture": "#rail_1"},
				"up": {"uv": [0, 2, 16, 3], "rotation": 90, "texture": "#rail_1"},
				"down": {"uv": [0, 3, 16, 4], "rotation": 90, "texture": "#rail_1"}
			}
		},
		{
			"name": "rail",
			"from": [12, 1, 0],
			"to": [13, 2, 16],
			"rotation": {"angle": 0, "axis": "y", "origin": [12, 1, 0]},
			"faces": {
				"north": {"uv": [0, 4, 1, 5], "texture": "#rail_2"},
				"east": {"uv": [0, 0, 16, 1], "texture": "#rail_2"},
				"south": {"uv": [1, 4, 2, 5], "texture": "#rail_2"},
				"west": {"uv": [0, 1, 16, 2], "texture": "#rail_2"},
				"up": {"uv": [0, 2, 16, 3], "rotation": 90, "texture": "#rail_2"},
				"down": {"uv": [0, 3, 16, 4], "rotation": 90, "texture": "#rail_2"}
			}
		},
		{
			"name": "gold",
			"from": [4.3, 1, 0],
			"to": [5, 1.7, 16],
			"rotation": {"angle": 0, "axis": "y", "origin": [4, 1, 0]},
			"faces": {
				"north": {"uv": [1, 4, 2, 5], "texture": "#gold_2"},
				"east": {"uv": [0, 2, 16, 3], "texture": "#gold_2"},
				"south": {"uv": [0, 4, 1, 5], "texture": "#gold_2"},
				"west": {"uv": [0, 1, 16, 2], "texture": "#gold_2"},
				"up": {"uv": [0, 0, 16, 1], "rotation": 90, "texture": "#gold_2"},
				"down": {"uv": [0, 4, 16, 3], "rotation": 90, "texture": "#gold_2"}
			}
		},
		{
			"name": "gold",
			"from": [11, 1, 0],
			"to": [11.7, 1.7, 16],
			"rotation": {"angle": 0, "axis": "y", "origin": [11, 1, 0]},
			"faces": {
				"north": {"uv": [1, 4, 2, 5], "texture": "#gold_1"},
				"east": {"uv": [0, 2, 16, 3], "texture": "#gold_1"},
				"south": {"uv": [0, 4, 1, 5], "texture": "#gold_1"},
				"west": {"uv": [0, 1, 16, 2], "texture": "#gold_1"},
				"up": {"uv": [0, 0, 16, 1], "rotation": 90, "texture": "#gold_1"},
				"down": {"uv": [0, 3, 16, 4], "rotation": 90, "texture": "#gold_1"}
			}
		},
		{
			"name": "wood",
			"from": [2, 0, 1],
			"to": [14, 1, 3],
			"rotation": {"angle": 0, "axis": "y", "origin": [2, 0, 1]},
			"faces": {
				"north": {"uv": [0, 4, 12, 5], "texture": "#base_1"},
				"east": {"uv": [0, 6, 2, 7], "texture": "#base_1"},
				"south": {"uv": [0, 5, 12, 6], "texture": "#base_1"},
				"west": {"uv": [2, 6, 4, 7], "texture": "#base_1"},
				"up": {"uv": [12, 2, 0, 0], "texture": "#base_1"},
				"down": {"uv": [12, 2, 0, 4], "texture": "#base_1"}
			}
		},
		{
			"name": "wood",
			"from": [2, 0, 5],
			"to": [14, 1, 7],
			"rotation": {"angle": 0, "axis": "y", "origin": [2, 0, 5]},
			"faces": {
				"north": {"uv": [0, 4, 12, 5], "texture": "#base_2"},
				"east": {"uv": [0, 6, 2, 7], "texture": "#base_2"},
				"south": {"uv": [0, 5, 12, 6], "texture": "#base_2"},
				"west": {"uv": [2, 6, 4, 7], "texture": "#base_2"},
				"up": {"uv": [12, 2, 0, 0], "texture": "#base_2"},
				"down": {"uv": [12, 2, 0, 4], "texture": "#base_2"}
			}
		},
		{
			"name": "wood",
			"from": [2, 0, 9],
			"to": [14, 1, 11],
			"rotation": {"angle": 0, "axis": "y", "origin": [2, 0, 9]},
			"faces": {
				"north": {"uv": [0, 4, 12, 5], "texture": "#base_3"},
				"east": {"uv": [0, 6, 2, 7], "texture": "#base_3"},
				"south": {"uv": [0, 5, 12, 6], "texture": "#base_3"},
				"west": {"uv": [2, 6, 4, 7], "texture": "#base_3"},
				"up": {"uv": [12, 2, 0, 0], "texture": "#base_3"},
				"down": {"uv": [12, 2, 0, 4], "texture": "#base_3"}
			}
		},
		{
			"name": "wood",
			"from": [2, 0, 13],
			"to": [14, 1, 15],
			"rotation": {"angle": 0, "axis": "y", "origin": [2, 0, 13]},
			"faces": {
				"north": {"uv": [0, 4, 12, 5], "texture": "#base_4"},
				"east": {"uv": [0, 6, 2, 7], "texture": "#base_4"},
				"south": {"uv": [0, 5, 12, 6], "texture": "#base_4"},
				"west": {"uv": [2, 6, 4, 7], "texture": "#base_4"},
				"up": {"uv": [12, 2, 0, 0], "texture": "#base_4"},
				"down": {"uv": [12, 2, 0, 4], "texture": "#base_4"}
			}
		},
		{
			"name": "redstone_rail",
			"from": [4, 1, 0],
			"to": [4.3, 1.3, 16],
			"rotation": {"angle": 0, "axis": "y", "origin": [4, 1, 0]},
			"faces": {
				"north": {"uv": [1, 4, 2, 5], "texture": "#redstone_2"},
				"east": {"uv": [0, 2, 16, 3], "texture": "#redstone_2"},
				"south": {"uv": [0, 4, 1, 5], "texture": "#redstone_2"},
				"west": {"uv": [0, 1, 16, 2], "texture": "#redstone_2"},
				"up": {"uv": [0, 0, 16, 1], "rotation": 90, "texture": "#redstone_2"},
				"down": {"uv": [0, 3, 16, 4], "rotation": 90, "texture": "#redstone_2"}
			}
		},
		{
			"name": "redstone_rail",
			"from": [11.7, 1, 0],
			"to": [12, 1.3, 16],
			"rotation": {"angle": 0, "axis": "y", "origin": [11, 1, 0]},
			"faces": {
				"north": {"uv": [1, 4, 2, 5], "texture": "#redstone_1"},
				"east": {"uv": [0, 2, 16, 3], "texture": "#redstone_1"},
				"south": {"uv": [0, 4, 1, 5], "texture": "#redstone_1"},
				"west": {"uv": [0, 1, 16, 2], "texture": "#redstone_1"},
				"up": {"uv": [0, 0, 16, 1], "rotation": 90, "texture": "#redstone_1"},
				"down": {"uv": [0, 3, 16, 4], "rotation": 90, "texture": "#redstone_1"}
			}
		},
		{
			"name": "redstone_comp",
			"from": [9.5, 1, 1.75],
			"to": [10, 1.5, 2.25],
			"rotation": {"angle": 0, "axis": "y", "origin": [9.5, 1, 1.75]},
			"faces": {
				"north": {"uv": [0, 0, 0.5, 0.5], "texture": "#redstone_1"},
				"east": {"uv": [0, 0, 0.5, 0.5], "texture": "#redstone_1"},
				"south": {"uv": [0, 0, 0.5, 0.5], "texture": "#redstone_1"},
				"west": {"uv": [0, 0, 0.5, 0.5], "texture": "#redstone_1"},
				"up": {"uv": [0, 0, 0.5, 0.5], "texture": "#redstone_1"},
				"down": {"uv": [0, 0, 0.5, 0.5], "texture": "#redstone_1"}
			}
		},
		{
			"name": "redstone_comp",
			"from": [6, 1, 1.75],
			"to": [6.5, 1.5, 2.25],
			"rotation": {"angle": 0, "axis": "y", "origin": [6, 1, 1.75]},
			"faces": {
				"north": {"uv": [0, 0, 0.5, 0.5], "texture": "#redstone_1"},
				"east": {"uv": [0, 0, 0.5, 0.5], "texture": "#redstone_1"},
				"south": {"uv": [0, 0, 0.5, 0.5], "texture": "#redstone_1"},
				"west": {"uv": [0, 0, 0.5, 0.5], "texture": "#redstone_1"},
				"up": {"uv": [0, 0, 0.5, 0.5], "texture": "#redstone_1"},
				"down": {"uv": [0, 0, 0.5, 0.5], "texture": "#redstone_1"}
			}
		},
		{
			"name": "redstone_inverter",
			"from": [7.75, 1, 13.75],
			"to": [8.25, 1.5, 14.25],
			"rotation": {"angle": 0, "axis": "y", "origin": [7.75, 1, 13.75]},
			"faces": {
				"north": {"uv": [0, 0, 0.5, 0.5], "texture": "#redstone_inverter"},
				"east": {"uv": [0, 0, 0.5, 0.5], "texture": "#redstone_inverter"},
				"south": {"uv": [0, 0, 0.5, 0.5], "texture": "#redstone_inverter"},
				"west": {"uv": [0, 0, 0.5, 0.5], "texture": "#redstone_inverter"},
				"up": {"uv": [0, 0, 0.5, 0.5], "texture": "#redstone_inverter"},
				"down": {"uv": [0, 0, 0.5, 0.5], "texture": "#redstone_inverter"}
			}
		},
		{
			"name": "stone_pressure_plate",
			"from": [6, 1, 6],
			"to": [10, 1.75, 10],
			"rotation": {"angle": 0, "axis": "y", "origin": [6, 1, 6]},
			"faces": {
				"north": {"uv": [4, 0, 8, 1], "texture": "#pressure"},
				"east": {"uv": [4, 1, 8, 2], "texture": "#pressure"},
				"south": {"uv": [4, 2, 8, 3], "texture": "#pressure"},
				"west": {"uv": [4, 3, 8, 4], "texture": "#pressure"},
				"up": {"uv": [4, 4, 0, 0], "texture": "#pressure"},
				"down": {"uv": [4, 4, 0, 8], "texture": "#pressure"}
			}
		}
	],
	"gui_light": "front",
	"display": {
		"thirdperson_righthand": {
			"rotation": [90, 0, 0],
			"translation": [0, 2.25, 4.5],
			"scale": [0.6, 0.6, 0.6]
		},
		"thirdperson_lefthand": {
			"rotation": [90, 0, 0],
			"translation": [0, 2.25, 4.5],
			"scale": [0.6, 0.6, 0.6]
		},
		"firstperson_righthand": {
			"rotation": [50, 0, 75],
			"translation": [3, 0.5, -6]
		},
		"firstperson_lefthand": {
			"rotation": [50, 0, 75],
			"translation": [3, 0.5, -6]
		},
		"ground": {
			"translation": [0, 2.5, 0],
			"scale": [0.5, 0.5, 0.5]
		},
		"gui": {
			"rotation": [90, 0, 0]
		},
		"head": {
			"rotation": [90, 0, 0],
			"translation": [0, 0, 14.5]
		},
		"fixed": {
			"rotation": [-90, 0, 0],
			"translation": [0, 0, -8]
		}
	},
	"groups": [
		{
			"name": "rails",
			"origin": [8, 8, 8],
			"color": 0,
			"children": [0, 1, 2, 3]
		},
		{
			"name": "base",
			"origin": [8, 8, 8],
			"color": 0,
			"children": [4, 5, 6, 7]
		},
		{
			"name": "redstone",
			"origin": [8, 8, 8],
			"color": 0,
			"children": [8, 9, 10, 11, 12]
		},
		{
			"name": "additions",
			"origin": [8, 8, 8],
			"color": 0,
			"children": [13]
		}
	]
}