{
  "parent": "rays_3d_rails:block/iron/rail_powered_raised_sw_1_off",
  "textures": {
    "base_1": "rays_3d_rails:block/oak/base_2",
		"base_2": "rays_3d_rails:block/oak/base_4",
		"base_3": "rays_3d_rails:block/oak/base_1",
		"base_4": "rays_3d_rails:block/oak/base_3",
		"iron_1": "rays_3d_rails:block/iron/rail_raised_3",
		"iron_2": "rays_3d_rails:block/iron/rail_raised_1",
		"redstone": "rays_3d_rails:block/redstone/standard_on",
		"gold_1": "rays_3d_rails:block/copper/oxidized_rail_raised_3",
		"gold_2": "rays_3d_rails:block/copper/oxidized_rail_raised_1"
  }
}