{
    "variants": {
        "": [
            { "model": "block/lily_pad", "weight": 8 },
            { "model": "block/lily_pad", "weight": 8, "y": 90 },
            { "model": "block/lily_pad", "weight": 8, "y": 180 },
            { "model": "block/lily_pad", "weight": 8, "y": 270 },
            { "model": "block/lily_pad2", "weight": 2 },
            { "model": "block/lily_pad2", "weight": 2, "y": 90 },
            { "model": "block/lily_pad2", "weight": 2, "y": 180 },
            { "model": "block/lily_pad2", "weight": 2, "y": 270 },
            { "model": "block/lily_pad_flower", "weight": 1 },
            { "model": "block/lily_pad_flower", "weight": 1, "y": 90 },
            { "model": "block/lily_pad_flower", "weight": 1, "y": 180 },
            { "model": "block/lily_pad_flower", "weight": 1, "y": 270 }
        ]
    }
}