{
	"credit": "Made with Blockbench by _GrandMagus_",
	"parent": "minecraft:block/chain",
	"textures": {
		"particle": "block/chain",
		"all": "block/chain"
	},
	"gui_light":"front",
	"display": {
		"thirdperson_righthand": {
			"translation": [0, 0.5, 1.5],
			"scale": [0.5, 0.5, 0.5]
		},
		"thirdperson_lefthand": {
			"translation": [0, 0.5, 1.5],
			"scale": [0.5, 0.5, 0.5]
		},
		"firstperson_righthand": {
			"rotation": [0, -90, 25],
			"translation": [1.13, 2.2, 1.13],
			"scale": [0.45, 0.45, 0.45]
		},
		"firstperson_lefthand": {
			"rotation": [0, -90, 25],
			"translation": [1.13, 2.2, 1.13],
			"scale": [0.45, 0.45, 0.45]
		},
		"ground": {
			"rotation": [90, 0, 0],
			"translation": [0, -1, 0],
			"scale": [0.3, 0.3, 0.3]
		},
		"gui": {
			"rotation": [0, 45, 0],
			"scale": [1.0, 1.0, 1.0]
		},
		"fixed": {
			"rotation": [0, 45, 0]
		}
	}
}